store_name,store_number,address,address2,city,state,zip_code,country,phone_number,latitude,longitude,store_hours,other_fields,coming_soon
Nike Factory Stores,2802,800 Steven B Tanger Blvd,Suite 810,Commerce,GA,30529,United States,(706) 335-5502,34.2508551,-83.4735802,Sun11:00AM -  7:00PM ; Mon ~ Sat 9:00AM -  9:00PM ,,0
Nike Factory Stores,2803,Tanger Mall Dr.,Suite 1520,Riverhead,NY,11901,United States,(631) 369-0706,40.919896,-72.7144462,Sun10:00AM -  8:00PM ; Mon ~ Sat 9:00AM -  9:00PM ,,0
Nike Factory Stores,2804,5005 Willows Rd.,Suite H102,Alpine,CA,91901,United States,(619) 659-3460,32.8401269,-116.7046679,Sun10:00AM -  7:00PM ; Mon ~ Sat10:00AM -  8:00PM ,,0
Nike Factory Stores,2805,100 Ocean Outlets,,Rehoboth,DE,19971,United States,(302) 226-2950,38.7020005,-75.0961549,Sun10:00AM -  7:00PM ; Mon ~ Sat 9:00AM -  9:00PM ,,0
Nike Factory Stores,2806,11656 NE Executive Dr,,Edinburgh,IN,46124,United States,(812) 526-8111,39.3112527,-85.9594031,Sun10:00AM -  7:00PM ; Mon ~ Sat10:00AM -  9:00PM ,,0
Nike Factory Stores,2807,14500 W Colfax Ave.,Space 359-B,Lakewood,CO,80401,United States,(303) 271-1928,39.730932,-105.161597,Sun11:00AM -  6:00PM ; Mon ~ Sat10:00AM -  9:00PM ,,0
Nike Factory Stores,2808,5000 Katy Mills Cir.,Suite 202,Katy,TX,77494,United States,(281) 644-4901,29.7758308,-95.8093358,Sun11:00AM -  6:00PM ; Mon ~ Sat10:00AM -  9:00PM ,,0
Nike Factory Stores,2809,5900 Sugarloaf Pkwy.,Space 528,Lawrenceville,GA,30043,United States,(678) 847-5140,33.9807833,-84.0808711,Sun12:00PM -  6:00PM ; Mon ~ Sat10:00AM -  9:00PM ,,0
Nike Factory Stores,2810,800 Hwy. 400 S,Suite 1010,Dawsonville,GA,30534,United States,(706) 216-7779,34.3578144,-84.0478628,Sun11:00AM -  7:00PM ; Mon ~ Sat10:00AM -  9:00PM ,,0
Nike Factory Stores,2811,375 Prime Outlets Blvd.,,Hagerstown,MD,21740,United States,(301) 393-5937,39.606741,-77.733793,Sun – Thu10:00AM -  7:00PM ; Fri ~ Sat10:00AM -  9:00PM ,,0
Nike Factory Stores,2812,6415 Lebeaux Ave. Ne,Suite A10,Albertville,MN,55301,United States,(763) 497-3888,45.2439381,-93.6617384,Sun10:00AM -  7:00PM ; Mon ~ Sat10:00AM -  9:00PM ,,0
Nike Factory Stores,2813,2650 NE Mlk Jr Blvd.,,Portland,OR,97212,United States,(503) 281-5901,45.5419368,-122.6611455,Sun11:00AM -  6:00PM ; Mon ~ Sat10:00AM -  8:00PM ,,0
Nike Factory Stores,2814,575 W.Linmar Lane,Suite A10,Johnson Creek,WI,53038,United States,(920) 699-4950,43.0890953,-88.7642349,Sun10:00AM -  7:00PM ; Mon ~ Sat10:00AM -  9:00PM ,,0
Nike Factory Stores,2815,243 Tanger Dr.,Suite 243,Williamsburg,IA,52361,United States,(319) 668-8047,41.6887368,-92.0059553,Sun10:00AM -  7:00PM ; Mon ~ Sat 9:00AM -  9:00PM ,,0
Nike Factory Stores,2816,2606 Teaster Ln.,,Pigeon Forge,TN,37863,United States,(865) 453-7907,35.8059217,-83.5734816,Sun10:00AM -  7:00PM ; Mon ~ Sat10:00AM -  9:00PM ,,0
Nike Factory Stores,2817,2573 Old Vineland Rd.,,Kissimmee,FL,34746,United States,(407) 396-0500,28.3181918,-81.4690403,,,0
Nike Factory Stores,2818,11211 120Th Ave.,Suite 80,Pleasant Prairie,WI,53158,United States,(262) 857-7333,42.5183023,-87.9466899,Sun10:00AM -  7:00PM ; Mon ~ Sat10:00AM -  9:00PM ,,0
Nike Factory Stores,2819,1111 N Roosevelt,Suite 400,Seaside,OR,97138,United States,(503) 738-3930,46.0003594,-123.9167278,Sun10:00AM -  6:00PM ; Mon ~ Sat10:00AM -  8:00PM ,,0
Nike Factory Stores,2820,7000 Arundel Mills Cir.,Suite 384,Hanover,MD,21076,United States,(410) 379-1587,39.1573631,-76.7252493,Sun11:00AM -  7:00PM ; Mon ~ Sat10:00AM -  9:30PM ,,0
Nike Stores,2821,21 Mercer Street,,New York,NY,10013,United States,(212) 226-5433,40.7207899,-74.0020457,Sun12:00PM -  7:00PM ; Mon ~ Sat11:00AM -  7:00PM ,,0
Nike Factory Stores,2822,4445 Camino De La Plaza,Suite 350,San Ysidro,CA,92173,United States,(619) 428-8849,32.5440642,-117.03849,Sun10:00AM -  7:00PM ; Mon ~ Sat10:00AM -  9:00PM ,,0
Nike Factory Stores,2823,1475 N Burkhart Rd.,Suite C-200,Howell,MI,48843,United States,(517) 552-6453,42.6224659,-83.9978302,Sun10:00AM -  7:00PM ; Mon ~ Sat 9:00AM -  9:00PM ,,0
Nike Factory Stores,2824,199 Outlet Center Dr.,,Queenstown,MD,21658,United States,(410) 827-4982,38.982325,-76.1592751,Sun10:00AM -  8:00PM ; Mon ~ Thu10:00AM -  7:00PM ,,0
Nike Factory Stores,2825,12158 Beyer Rd.,UNIT 10,Birch Run,MI,48415,United States,(989) 624-6100,43.2559883,-83.7826791,Sun10:00AM -  7:00PM ; Mon ~ Sat10:00AM -  9:00PM ,,0
Nike Factory Stores,2826,13000 Folsom Blvd.,Suite 401,Folsom,CA,95630,United States,(916) 985-7313,38.643849,-121.188752,Sun10:00AM -  7:00PM ; Mon ~ Sat10:00AM -  9:00PM ,,0
Nike Factory Stores,2827,104 Interstate Hwy. 35 Ne,Suite 196,Hillsboro,TX,76645,United States,(254) 582-7455,32.0115792,-97.0942853,Sun11:00AM -  6:00PM ; Mon ~ Sat10:00AM -  8:00PM ,,0
Nike Factory Stores,2828,8225 Arroyo Cir.,Suite 21,Gilroy,CA,95020,United States,(408) 847-4300,37.0207563,-121.5646271,Sun10:00AM -  7:00PM ; Mon ~ Sat10:00AM -  9:00PM ,,0
Nike Factory Stores,2829,48650 Seminole Dr.,Suite H234,Cabazon,CA,92230,United States,(951) 849-0466,33.9306635,-116.8190583,Sun10:00AM -  8:00PM ; Mon ~ Sat10:00AM -  9:00PM ,,0
Nike Factory Stores,2830,17600 Collier Ave.,Suite B 118,Lake Elsinore,CA,92530,United States,(951) 245-5665,33.702683,-117.3539564,Sun10:00AM -  7:00PM ; Mon ~ Sat10:00AM -  8:00PM ,,0
Nike Factory Stores,2831,1025 Outlet Center Dr.,Suite 900,Smithfield,NC,27577,United States,(919) 989-6100,35.5106201,-78.3124918,Sun11:00AM -  7:00PM ; Mon ~ Sat10:00AM -  9:00PM ,,0
Nike Factory Stores,2832,5699-44B Richmond Rd.,Suite 16B,Williamsburg,VA,23188,United States,(757) 565-2963,37.3195856,-76.7362135,Sun10:00AM -  7:00PM ; Mon ~ Sat10:00AM -  9:00PM ,,0
Nike Factory Stores,2833,3939 Interstate 35 N,Suite 798,San Marcos,TX,78666,United States,(512) 353-8500,29.8287653,-97.9803469,Sun10:00AM -  7:00PM ; Mon ~ Sat10:00AM -  9:00PM ,,0
Nike Factory Stores,2834,1111 League Line Rd.,Suite 101,Conroe,TX,77303,United States,(936) 494-2060,30.3635142,-95.4830353,Sun11:00AM -  6:00PM ; Mon ~ Sat10:00AM -  8:00PM ,,0
Nike Factory Stores,2835,237-V Blue River Pkwy.,Suite 48,Silverthorne,CO,80498,United States,(970) 468-6040,39.6292077,-106.0728186,Sun10:00AM -  6:00PM ; Mon ~ Sat10:00AM -  8:00PM ,,0
Nike Factory Stores,2836,6750 W Frontage Rd.,Suite 400,Medford,MN,55049,United States,(507) 451-9133,44.1700551,-93.2623869,Sun10:00AM -  6:00PM ; Mon ~ Sat10:00AM -  8:00PM ,,0
Nike Stores,2837,7000 NE Airport Way,Suite 2565,Portland,OR,97218,United States,(503) 284-3558,45.5893574,-122.5933326,,,0
Nike Factory Stores,2838,61334 S Hwy. 97,Suite 430,Bend,OR,97702,United States,(541) 382-7700,44.0268294,-121.3123721,Sun10:00AM -  6:00PM ; Mon ~ Sat 9:30AM -  8:00PM ,,0
Nike Factory Stores,2839,7400 S Las Vegas Blvd.,BOX 1,Las Vegas,NV,89123,United States,(702) 896-7444,36.0549747,-115.1690569,Sun 9:00AM -  8:00PM ; Mon ~ Sat 9:00AM -  9:00PM ,,0
Nike Factory Stores,2840,455 Bellwood Rd.,Suite 2,Calhoun,GA,30701,United States,(706) 625-2626,34.4612496,-84.9184997,Sun11:00AM -  7:00PM ; Mon ~ Sat10:00AM -  9:00PM ,,0
Nike Factory Stores,2841,600 Race Track Lane,,Central Valley,NY,10917,United States,(845) 928-8838,41.3317251,-74.1213172,,,0
Nike Stores,2842,669 N Michigan Avenue,,Chicago,IL,60611,United States,(312) 642-6363,41.8944641,-87.6238902,Sun10:00AM -  7:00PM ; Mon ~ Sat10:00AM -  9:00PM ,,0
Nike Factory Stores,2843,6699 N. Landmark Dr.,Suite L-100,Park City,UT,84098,United States,(435) 649-7442,40.7304593,-111.551152,Sun10:00AM -  7:00PM ; Mon ~ Sat 9:00AM -  9:00PM ,,0
Nike Factory Stores,2844,4250 W Anthem Way.,Suite 375,Phoenix,AZ,85086,United States,(623) 465-0111,33.8740033,-112.150162,Sun10:00AM -  7:00PM ; Mon ~ Sat10:00AM -  8:00PM ,,0
Nike Factory Stores,2845,5195 Factory Shops Blvd.,,Ellenton,FL,34222,United States,(941) 722-0096,27.537598,-82.508422,Sun10:00AM -  7:00PM ; Mon ~ Sat10:00AM -  9:00PM ,,0
Nike Factory Stores,2846,990 Camarillo Center Dr.,Suite 1030,Camarillo,CA,93010,United States,(805) 384-4480,34.2147347,-119.0572673,Sun10:00AM -  8:00PM ; Mon ~ Sat10:00AM -  9:00PM ,,0
Nike Factory Stores,2847,1911 Leesburg Grove Cty R,Suite 700,Grove City,PA,16127,United States,(724) 748-5138,41.1397525,-80.1573579,Sun10:00AM -  7:00PM ; Mon ~ Sat10:00AM -  9:00PM ,,0
Nike Factory Stores,2848,250 E Palm Dr.,Suite 135,Florida City,FL,33034,United States,(305) 248-7991,25.4526434,-80.4728899,Sun11:00AM -  7:00PM ; Mon ~ Sat10:00AM -  9:00PM ,,0
Nike Factory Stores,2849,10801 Corkscrew Rd.,Suite 177,Estero,FL,33928,United States,(239) 948-4100,26.4362393,-81.7746935,Sun11:00AM -  6:00PM ; Mon ~ Sat10:00AM -  9:00PM ,,0
Nike Factory Stores,2850,20-A Killingsworth Tpke.,Suite 155,Clinton,CT,06413,United States,(860) 669-4410,41.2915121,-72.5328739,Sun10:00AM -  6:00PM ; Mon ~ Sat10:00AM -  9:00PM ,,0
Nike Factory Stores,2851,One Factory Shops Blvd.,#855,Gaffney,SC,29341,United States,(864) 487-7820,35.0820647,-81.7118768,Sun 1:30PM -  7:00PM ; Mon ~ Sat10:00AM -  9:00PM ,,0
Nike Factory Stores,2852,3001 South Washburn,Suite A10,Oshkosh,WI,54904,United States,(920) 232-1002,43.9835051,-88.5852416,Sun10:00AM -  6:00PM ; Mon ~ Sat10:00AM -  9:00PM ,,0
Nike Factory Stores,2853,241 Fort Evans Rd. NE,Suite 510,Leesburg,VA,20176,United States,(703) 771-3060,39.1128003,-77.5348719,Sun10:00AM -  7:00PM ; Mon ~ Sat10:00AM -  9:00PM ,,0
Nike Factory Stores,2854,262 Nut Tree Rd.,,Vacaville,CA,95687,United States,(707) 455-7014,38.3683634,-121.9535217,Sun10:00AM -  7:00PM ; Mon ~ Sat10:00AM -  9:00PM ,,0
Nike Factory Stores,2855,5050 Factory Shops Blvd.,Suite 905,Castle Rock,CO,80108,United States,(303) 688-3013,39.4154663,-104.8735711,Sun11:00AM -  6:00PM ; Mon ~ Sat10:00AM -  8:00PM ,,0
Nike Factory Stores,2856,10700 Factory Shops Blvd.,,Gulfport,MS,39503,United States,(228) 822-2533,30.4287826,-89.1004344,Sun10:00AM -  6:00PM ; Mon ~ Sat 9:00AM -  9:00PM ,,0
Nike Factory Stores,2858,661 S Fork Ave.,Suite H,North Bend,WA,98045,United States,(425) 831-7900,47.4827194,-121.7916315,Sun10:00AM -  7:00PM ; Mon ~ Sat10:00AM -  9:00PM ,,0
Nike Factory Stores,2859,33 Settlers Green,Suite E12,North Conway,NH,03860,United States,(603) 356-5988,44.0228722,-71.1160919,Sun10:00AM -  6:00PM ; Mon ~ Sat 9:00AM -  9:00PM ,,0
Nike Factory Stores,2860,4642 Factory Stores Rd.,Suite FF100,Myrtle Beach,SC,29579,United States,(843) 903-0110,33.751445,-78.9598951,Sun10:00AM -  7:00PM ; Mon ~ Sat 9:00AM -  9:00PM ,,0
Nike Factory Stores,2861,537 Monmouth Rd.,Suite 340,Jackson,NJ,8527,United States,(732) 833-2202,40.1616374,-74.4174029,Sun 9:00AM -  7:00PM ; Mon ~ Sat 9:00AM -  9:00PM ,,0
Nike Stores,2862,200 Newbury Street,,Boston,MA,02116,United States,(617) 267-3400,42.3499653,-71.0801163,Sun11:00AM -  7:00PM ; Mon10:00AM -  7:00PM ,,0
Nike Stores,2863,1500 6th Avenue,,Seattle,WA,98101,United States,(206) 447-6453,47.6116562,-122.3347508,Sun – Thu10:00AM -  8:00PM ; Fri ~ Sat10:00AM -  9:00PM ,,0
Nike Stores,2866,278 Post Street,,San Francisco,CA,94108,United States,(415) 392-6453,37.78881,-122.406552,Sun11:00AM -  7:00PM ; Mon ~ Sat10:00AM -  8:00PM ,,0
Nike Factory Stores,2867,4977 International Drive,3B-13,Orlando,FL,32819,United States,(407) 351-9400,28.4766933,-81.4491244,Sun10:00AM - 10:00PM ; Mon ~ Sat10:00AM - 11:00PM ,,0
Nike Factory Stores,2868,10746 Emerald Coast Pky S.,Suite159,Destin,FL,32541,United States,(850) 650-0111,30.3855564,-86.3970007,Sun10:00AM -  6:00PM ; Mon ~ Sat10:00AM -  9:00PM ,,0
Nike Factory Stores,2869,2601 S Mckenzie St.,Suite 300,Foley,AL,36535,United States,(251) 970-2900,30.375237,-87.682475,Sun10:00AM -  7:00PM ; Mon ~ Sat 9:00AM -  9:00PM ,,0
Nike Factory Stores,2870,1414 Fording Island Rd. Suite D-100,,Bluffton,SC,29910,United States,(843) 837-6453,32.2397004,-80.8192375,Sun10:00AM -  7:00PM ; Mon ~ Sat 9:00AM -  9:00PM ,,0
Nike Stores,2871,3500 Las Vegas Blvd South,Suite M-5,Las Vegas,NV,89109,United States,(702) 650-8888,36.1173432,-115.1763623,Sun – Thu10:00AM - 11:00PM ; Fri ~ Sat10:00AM - 12:00AM ,,0
Nike Factory Stores,2872,8890 Factory Shops Blvd.,BLD 8 TWR 4,Jeffersonville,OH,43128,United States,(740) 948-9244,39.620916,-83.599435,Sun10:00AM -  7:00PM ; Mon ~ Sat 9:00AM -  9:00PM ,,0
Nike Factory Stores,2873,8200 Vineland Ave.,Suite 600,Orlando,FL,32821,United States,(407) 239-3663,28.3866691,-81.4939428,Sun10:00AM - 10:00PM ; Mon ~ Sat10:00AM - 11:00PM ,,0
Nike Factory Stores,2874,6149 W Irlo Bronson M Hwy,,Kissimmee,FL,34747,United States,(407) 397-1979,28.3339311,-81.5306695,,,0
Nike Factory Stores,2875,4840 Tanger Outlet Blvd.,#491,North Charleston,SC,29418,United States,(843) 744-3966,32.873221,-80.018178,Sun10:00AM -  7:00PM ; Mon ~ Sat 9:00AM -  9:00PM ,,0
Nike Factory Stores,2876,2700 State Rd. 16,Suite 701,St Augustine,FL,32092,United States,(904) 810-5584,29.9250701,-81.4173769,Sun10:00AM -  6:00PM ; Mon ~ Sat 9:00AM -  9:00PM ,,0
Nike Factory Stores,2877,One Premium Outlets Blvd.Suite 600,,Wrentham,MA,02093,United States,(508) 384-1800,42.038414,-71.3533924,Sun10:00AM -  6:00PM ; Mon ~ Sat10:00AM -  9:00PM ,,0
Nike Factory Stores,2878,1645 Parkway,Suite 1250,Sevierville,TN,37862,United States,(865) 774-7743,35.832558,-83.5698202,Sun10:00AM -  7:00PM ; Mon ~ Sat 9:00AM -  9:00PM ,,0
Nike Factory Stores,2879,1 Premium Outlets Blvd,KM 54.8,Barceloneta,PR,00617,United States,(787) 846-4108,18.4399882,-66.540959,Sun11:00AM -  7:00PM ; Mon ~ Sat 9:00AM -  9:00PM ,,0
Nike Factory Stores,2880,4557 Mills Cir.,,Ontario,CA,91764,United States,(909) 980-2448,34.071928,-117.5507469,Sun11:00AM -  8:00PM ; Mon ~ Sat10:00AM -  9:00PM ,,0
Nike Factory Stores,2881,5001 E Expressway 83,Suite 120,Mercedes,TX,78570,United States,(956) 565-2446,26.1604278,-97.8888406,Sun11:00AM -  7:00PM ; Mon ~ Sat10:00AM -  9:00PM ,,0
Nike Factory Stores,2882,603A Stanley K Tanger Blv,,Lancaster,PA,17602,United States,(717) 396-1040,40.0257567,-76.2200025,Sun10:00AM -  7:00PM ; Mon ~ Sat 9:00AM -  9:00PM ,,0
Nike Factory Stores,2883,One Premium Outlets Blvd.,Space 699,Tinton Falls,NJ,7753,United States,(732) 695-0108,40.2242127,-74.0939422,Sun10:00AM -  7:00PM ; Mon ~ Sat10:00AM -  9:00PM ,,0
Nike Factory Stores,2884,905 S Grand Central Pkwy.,,Las Vegas,NV,89106,United States,(702) 382-8055,36.1619472,-115.1581889,Sun 9:00AM -  8:00PM ; Mon ~ Sat 9:00AM -  9:00PM ,,0
Nike Factory Stores,2885,1000 Route 611,#G205,Tannersville,PA,18372,United States,(570) 688-9457,41.0488534,-75.313324,Sun – Thu10:00AM -  7:00PM ; Fri ~ Sat10:00AM -  9:00PM ,,0
Nike Factory Stores,2886,1553 Retherford St.,Suite C080,Tulare,CA,93274,United States,(559) 685-9711,36.2275218,-119.335432,Sun10:00AM -  7:00PM ; Mon ~ Sat10:00AM -  9:00PM ,,0
Nike Factory Stores,2887,1650 Premium Outlets Blvd,#601,Aurora,IL,60502,United States,(630) 585-9568,41.8006428,-88.2749629,Sun10:00AM -  7:00PM ; Mon ~ Sat10:00AM -  9:00PM ,,0
Nike Factory Stores,2888,447 Great Mall Dr.,Suite 484,Milpitas,CA,95035,United States,(408) 942-6457,37.4163855,-121.897841,Sun10:00AM -  8:00PM ; Mon ~ Sat10:00AM -  9:00PM ,,0
Nike Factory Stores,2889,10600 Quil Ceda Blvd,Suite 400,Tulalip,WA,98271,United States,(360) 716-3120,48.0934009,-122.1876843,Sun10:00AM -  7:00PM ; Mon ~ Sat10:00AM -  9:00PM ,,0
Nike Factory Stores,2890,15609 State Road 535,,Orlando,FL,32821,United States,(407) 477-0463,28.3504706,-81.4905055,Sun10:00AM -  7:00PM ; Mon ~ Sat10:00AM -  9:30PM ,,0
Nike Factory Stores,2891,1001 Arney Rd.,Suite 810,Woodburn,OR,97071,United States,(503) 982-0330,45.1562498,-122.8785881,Sun10:00AM -  7:00PM ; Mon ~ Sat10:00AM -  9:00PM ,,0
Nike Factory Stores,2892,1803 Village W Pkwy.,Space M-125,Kansas City,KS,66111,United States,(913) 788-7263,39.1238738,-94.8247789,Sun11:00AM -  6:00PM ; Mon ~ Sat10:00AM -  9:00PM ,,0
Nike Factory Stores,2893,12801 W Sunrise Blvd.,Suite. 1005,Sunrise,FL,33323,United States,(954) 837-0329,26.1491969,-80.324787,Sun11:00AM -  8:00PM ; Mon ~ Sat10:00AM -  9:30PM ,,0
Nike Factory Stores,2894,820 W Stacy Rd.,Suite 356,Allen,TX,75013,United States,(972) 678-4580,33.1312545,-96.6627129,Sun11:00AM -  6:00PM ; Mon ~ Sat10:00AM -  9:00PM ,,0
Nike Factory Stores,2895,201 Boardwalk Blvd.,,Bossier City,LA,71111,United States,(318) 742-9251,32.5177182,-93.7397135,Sun11:00AM -  7:00PM ; Mon ~ Thu10:00AM -  9:00PM ,,0
Nike Factory Stores,2896,5000 S Arizona Mills Cir.,,Tempe,AZ,85282,United States,(480) 897-1312,33.3831468,-111.9647254,Sun11:00AM -  6:00PM ; Mon ~ Sat10:00AM -  9:00PM ,,0
Nike Factory Stores,2897,3000 Grapevine Mills Pkwy,Suite 611,Grapevine,TX,76051,United States,(972) 355-2487,32.9661607,-97.0425031,Sun11:00AM -  7:00PM ; Mon ~ Sat10:00AM -  9:00PM ,,0
Nike Factory Stores,2898,6170 W Grand Ave.,Suite 569,Gurnee,IL,60031,United States,(847) 855-0857,42.3834919,-87.953687,Sun11:00AM -  7:00PM ; Mon ~ Fri 9:00AM - 10:00PM ,,0
Nike Factory Stores,2899,917 Lighthouse Pl.,,Michigan City,IN,46360,United States,(219) 879-1320,41.7155959,-86.9076296,Sun10:00AM -  6:00PM ; Mon ~ Sat 9:00AM -  9:00PM ,,0
Nike Factory Stores,2900,655 Route 318,Suite 13,Waterloo,NY,13165,United States,(315) 539-4094,42.9567867,-76.9217181,Sun10:00AM -  8:00PM ; Mon ~ Sat10:00AM -  9:00PM ,,0
Nike Factory Stores,2901,4401 N Ih 35,BLDG 3,Round Rock,TX,78664,United States,(512) 868-9511,30.5682805,-97.6898302,Sun11:00AM -  7:00PM ; Mon ~ Sat10:00AM -  9:00PM ,,0
Nike Factory Stores,2902,30 N Arkansas Ave.,,Atlantic City,NJ,8401,United States,(609) 348-0573,39.3589841,-74.4372592,Sun10:00AM -  7:00PM ; Mon ~ Sat10:00AM -  8:00PM ,,0
Nike Factory Stores,2903,210 Gasser Rd.,Suite 790,Baraboo,WI,53913,United States,(608) 253-3247,43.5756974,-89.782399,Sun10:00AM -  7:00PM ; Mon ~ Sat 9:00AM -  9:00PM ,,0
Nike Factory Stores,2904,1000 Tanger Dr.,#233,Locust Grove,GA,30248,United States,(770) 914-6877,33.3483423,-84.1223333,Sun10:00AM -  7:00PM ; Mon ~ Sat 9:00AM -  9:00PM ,,0
Nike Factory Stores,2905,20350 Summerlin Rd.,#1135,Fort Myers,FL,33908,United States,(239) 415-1146,26.4947043,-81.9738704,Sun10:00AM -  6:00PM ; Mon ~ Sat 9:00AM -  9:00PM ,,0
Nike Factory Stores,2906,549 S Chillocothe Rd.,#321,Aurora,OH,44202,United States,(330) 995-3080,41.3019045,-81.3419409,Sun10:00AM -  7:00PM ; Mon ~ Sat10:00AM -  9:00PM ,,0
Nike Factory Stores,2907,120 Laconia Rd.,#201,Tilton,NH,03276,United States,(603) 286-4173,43.4591319,-71.5620413,Sun10:00AM -  7:00PM ; Mon ~ Sat 9:00AM -  9:00PM ,,0
Nike Factory Stores,2908,32100 Las Vegas Blvd. S,Suite 102,Primm,NV,89019,United States,(702) 874-1495,35.6081916,-115.387922,,,0
Nike Factory Stores,2909,2200 Petaluma Blvd. N,#100,Petaluma,CA,94952,United States,(707) 769-9245,38.2568296,-122.6500244,Sun10:00AM -  7:00PM ; Mon ~ Sat10:00AM -  9:00PM ,,0
Nike Factory Stores,2910,140 W High St.,Ste 223,Centralia,WA,98531,United States,(360) 736-7434,46.7254526,-122.9747375,Sun10:00AM -  7:00PM ; Mon ~ Sat 9:00AM -  8:00PM ,,0
Nike Factory Stores,2911,5704 Mcwhinney Blvd.,,Loveland,CO,80538,United States,(970) 663-6570,40.4088599,-104.9952972,Sun11:00AM -  6:00PM ; Mon ~ Sat10:00AM -  8:00PM ,,0
Nike Factory Stores,2912,8510 S Cottage Grove Ave.,,Chicago,IL,60619,United States,(773) 846-5460,41.7399653,-87.6054505,Sun10:00AM -  7:00PM ; Mon ~ Sat10:00AM -  9:00PM ,,0
Nike Factory Stores,2913,4099 S Plaza,,Memphis,TN,38116,United States,(901) 332-9325,35.0363184,-90.0265145,Sun10:00AM -  7:00PM ; Mon ~ Sat10:00AM -  9:00PM ,,0
Nike Factory Stores,2914,7051 S Desert Blvd.,,Canutillo,TX,79835,United States,(915) 877-3146,31.9125796,-106.5864651,Sun10:00AM -  7:00PM ; Mon ~ Sat10:00AM -  9:00PM ,,0
Nike Factory Stores,2915,2410 Tanger Blvd.,,Gonzales,LA,70737,United States,(225) 644-4265,30.2126999,-90.9520922,Sun10:00AM -  7:00PM ; Mon ~ Sat 9:00AM -  9:00PM ,,0
Nike Factory Stores,2916,300 Tanger Blvd.,,Branson,MO,65616,United States,(417) 332-0522,36.6451868,-93.2645618,Sun10:00AM -  8:00PM ; Mon ~ Sat 9:00AM -  9:00PM ,,0
Nike Factory Stores,2917,1886 Military Rd.,Space 91-A,Niagara Falls,NY,14304,United States,(716) 298-5615,43.0975624,-78.9752986,Sun10:00AM -  6:00PM ; Mon ~ Sat10:00AM -  9:00PM ,,0
Nike Factory Stores,2918,2200 Tanger Blvd.,Suite 735,Washington,PA,15301,United States,(724) 228-7357,40.2164404,-80.2112921,Sun10:00AM -  7:00PM ; Mon ~ Sat 9:00AM -  9:00PM ,,0
Nike Factory Stores,2919,102 The Arches Cir.,Space 102,Deer Park,NY,11729,United States,(631) 242-3014,40.7637613,-73.3066792,Sun10:00AM -  8:00PM ; Mon ~ Sat 9:00AM -  9:00PM ,,0
Nike Factory Stores,2920,18 W Lightcap Rd.,,Pottstown,PA,19464,United States,(610) 327-1748,40.236109,-75.5693365,Sun10:00AM -  7:00PM ; Mon ~ Sat10:00AM -  9:00PM ,,0
Nike Factory Stores,2921,29300 Hempstead Road,Suite 501,Cypress,TX,77433,United States,(281) 758-1966,29.9968226,-95.7573856,Sun11:00AM -  7:00PM ; Mon ~ Sat10:00AM -  9:00PM ,,0
Nike Factory Stores,2922,167 Opry Mills Dr.,,Nashville,TN,37214,United States,(615) 514-0204,36.2043571,-86.6950666,Sun11:00AM -  7:00PM ; Mon ~ Sat10:00AM -  9:00PM ,,0
Nike Factory Stores,2923,651 Kapkowski Rd.,Space 150,Elizabeth,NJ,7201,United States,(908) 629-9171,40.6600434,-74.171557,Sun11:00AM -  7:00PM ; Mon ~ Sat10:00AM -  9:00PM ,,0
Nike Factory Stores,2924,2700 Potomac Mills Cir.,Suite 511,Woodbridge,VA,22192,United States,(703) 497-4513,38.643548,-77.2953745,Sun11:00AM -  6:00PM ; Mon ~ Sat10:00AM -  9:00PM ,,0
Nike Factory Stores,2925,8341 Concord Mills Blvd.,Suite 429,Concord,NC,28027,United States,(704) 979-1230,35.3689757,-80.7221502,Sun12:00PM -  7:00PM ; Mon ~ Sat10:00AM -  9:00PM ,,0
Nike Factory Stores,2926,1500 SE E Devil Lake Rd.,,Lincoln City,OR,97367,United States,(541) 557-1653,44.9587207,-124.0105628,Sun10:00AM -  6:00PM ; Mon ~ Sat10:00AM -  8:00PM ,,0
Nike Factory Stores,2927,4540 Highway 54,BOX BB11,Osage Beach,MO,65065,United States,(573) 348-2542,38.1364693,-92.6397365,Sun10:00AM -  7:00PM ; Mon ~ Sat10:00AM -  9:00PM ,,0
Nike Factory Stores,2928,301 Tanger Dr.,Suite 101,Terrell,TX,75160,United States,(972) 563-1882,32.7029526,-96.2834425,Sun10:00AM -  7:00PM ; Mon ~ Sat 9:00AM -  9:00PM ,,0
Nike Factory Stores,2929,B-800 Tuscola Blvd.,,Tuscola,IL,61953,United States,(217) 253-2058,39.7876679,-88.2672815,Sun11:00AM -  6:00PM ; Mon ~ Sat10:00AM -  9:00PM ,,0
Nike Factory Stores,2930,38500 Tanger Dr.,Suite 101,North Branch,MN,55056,United States,(651) 674-1943,45.5068231,-92.9955513,Sun11:00AM -  6:00PM ; Mon ~ Sat10:00AM -  8:00PM ,,0
Nike Factory Stores,2931,1455 Franklin Mills Cir.,Space 537A,Philadelphia,PA,19154,United States,(215) 281-3523,40.0876473,-74.9610288,Sun11:00AM -  7:00PM ; Mon ~ Sat10:00AM -  9:00PM ,,0
Nike Factory Stores,2932,11401 NW 12Th Street,Space 224,Miami,FL,33172,United States,(305) 716-8760,25.7877597,-80.3807017,Sun11:00AM -  8:00PM ; Mon ~ Sat10:00AM -  9:30PM ,,0
Nike Factory Stores,2933,4101 South Carrollton Ave,,New Orleans,LA,70119,United States,(504) 486-8067,29.969834,-90.106715,Sun11:00AM -  6:00PM ; Mon ~ Thu 9:00AM -  7:00PM ,,0
Nike Factory Stores,2935,345 US Route 1,Suite 1,Kittery,ME,03904,United States,(207) 451-6094,43.1139413,-70.7304129,Sun10:00AM -  6:00PM ; Mon ~ Sat 9:00AM -  9:00PM ,,0
Nike Factory Stores,2936,T20 City Blvd. W,Space 617,Orange,CA,92868,United States,(714) 456-9172,33.7838451,-117.8951166,Sun10:00AM -  8:00PM ; Mon ~ Thu10:00AM -  9:00PM ,,0
Nike Factory Stores,2937,300 Artisan Way,,Somerville,MA,02145,United States,(617) 629-4192,42.3951645,-71.0807435,Sun11:00AM -  6:00PM ; Mon ~ Sat10:00AM -  9:00PM ,,0
Nike Factory Stores,2938,21351 Nebraska Crossing Drive A-129,,Gretna,NE,68028,United States,(402) 332-5135,41.0992649,-96.2516925,Sun11:00AM -  6:00PM ; Mon ~ Sat10:00AM -  9:00PM ,,0
Nike Factory Stores,2939,350 84th Street SW,Suite 300,Byron Center,MI,49315,United States,(616) 583-0754,42.8090702,-85.6711675,Sun10:00AM -  7:00PM ; Mon ~ Sat 9:00AM -  9:00PM ,,0
Nike Factory Stores,2940,101 West Avenida Vista Hermosa,Ste 130,San Clemente,CA,92672,United States,(949) 498-2138,33.4399676,-117.6277236,,,0
Nike Stores,2941,3393 Peachtree Road NE,Suite #3070,Atlanta,GA,30326,United States,(404) 846-5549,33.8466715,-84.3619433,Sun11:00AM -  7:00PM ; Mon ~ Sat10:00AM -  9:00PM ,,0
Nike Factory Stores,2942,18521 Outlet Blvd,Suite 500,Chesterfield,MO,63005,United States,(636) 778-2288,38.6773113,-90.6612812,Sun12:00PM -  7:00PM ; Mon ~ Sat10:00AM -  9:00PM ,,0
Nike Factory Stores,2943,5518 New Fashion Way,Suite 590 Charlotte Premium Outlets,Charlotte,NC,28278,United States,(704) 504-0876,35.1698979,-80.9696071,Sun10:00AM -  7:00PM ; Mon ~ Sat10:00AM -  9:00PM ,,0
Nike Factory Stores,2944,5209 International Drive,Ste A-C,Orlando,FL,32819,United States,(407) 352-3488,28.4685418,-81.4511301,,,0
Nike Factory Stores,2945,2150 N. Eagle Road,,Meridian,ID,83646,United States,(208) 898-3457,43.6246546,-116.3543767,Sun10:00AM -  7:00PM ; Mon ~ Sat10:00AM -  9:00PM ,,0
Nike Factory Stores,2946,2910 West Loop 289,Ste 805,Lubbock,TX,79407,United States,(806) 785-1321,33.5674387,-101.9461112,Sun11:00AM -  7:00PM ; Mon ~ Sat10:00AM -  9:00PM ,,0
Nike Factory Stores,2947,4976 Premium Outlets Way,Suite 800,Chandler,AZ,85226,United States,(480) 639-1780,33.2875981,-111.9732968,Sun10:00AM -  7:00PM ; Mon ~ Sat10:00AM -  9:00PM ,,0
Nike Factory Stores,2948,5220 Fashion Outlet Way,Ste 1125,Rosemont,IL,60018,United States,(847) 928-2720,41.9754926,-87.8659742,Sun10:00AM -  7:00PM ; Mon ~ Sat10:00AM -  9:00PM ,,0
Nike Factory Stores,2949,5701 Outlets at Tejon Parkway,Ste 300,Arvin,CA,93203,United States,(661) 858-2151,34.9851078,-118.9417191,Sun10:00AM -  8:00PM ; Mon ~ Sat10:00AM -  9:00PM ,,0
Nike Factory Stores,2950,2692 Madison Rd,Suite A9,Cincinnati,OH,45208,United States,(513) 351-2310,39.1462547,-84.4430877,Sun11:00AM -  6:00PM ; Mon ~ Sat10:00AM -  9:00PM ,,0
Nike Factory Stores,2951,1600 Saratoga Ave Suite #213,,San Jose,CA,95129,United States,(408) 374-4147,37.2912864,-121.9896046,Sun10:00AM -  8:00PM ; Mon ~ Sat10:00AM -  9:00PM ,,0
Nike Factory Stores,2952,6800 Oxon Hill Road,Suite 500,National Harbor,MD,20745,United States,(301) 839-1302,38.7945102,-77.0010248,Sun10:00AM -  7:00PM ; Mon ~ Sat 9:00AM -  9:00PM ,,0
Nike Factory Stores,2953,1731 Palm Beach Lakes Blvd,Suite E301,West Palm Beach,FL,33401,United States,(561) 615-4050,26.7246083,-80.0863884,Sun11:00AM -  7:00PM ; Mon ~ Sat10:00AM -  9:00PM ,,0
Nike Factory Stores,2954,200 Bass Pro Drive,Suite 225,Pearl,MS,39208,United States,(601) 936-2154,32.2752075,-90.1528487,Sun12:00PM -  7:00PM ; Mon ~ Sat10:00AM -  9:00PM ,,0
Nike Factory Stores,2955,1101 Outlet Collection Way,Suite #1058,Auburn,WA,98001,United States,(253) 333-5074,47.296099,-122.245761,Sun11:00AM -  6:00PM ; Mon ~ Sat10:00AM -  9:00PM ,,0
Nike Factory Stores,2956,2796 Tanger Way,Suite 218,Barstow,CA,92311-941,United States,(760) 253-2810,34.8465348,-117.0854289,,,0
Nike Factory Stores,2957,40-24 College Point Blvd,Ste B204,Flushing,NY,11354,United States,(718) 353-1694,40.7571898,-73.83489,Sun10:00AM -  8:00PM ; Mon ~ Sat10:00AM -  9:30PM ,,0
Nike Factory Stores,2958,100 Premium Outlets Drive,Ste 140,Blackwood,NJ,8012,United States,(856) 477-9160,39.785803,-75.0507398,Sun – Thu10:00AM -  7:00PM ; Fri ~ Sat10:00AM -  9:00PM ,,0
Nike Factory Stores,2959,1403 New York Ave. NE,,Washington,DC,20002,United States,(202) 529-1868,38.9152891,-76.98428,Sun12:00PM -  6:00PM ; Mon ~ Sat10:00AM -  8:00PM ,,0
Nike Factory Stores,2960,2236 Nostrand Ave,,Brooklyn,NY,11210,United States,(718) 434-3502,40.6301503,-73.9480043,Sun11:00AM -  6:00PM ; Mon ~ Sat10:00AM -  8:00PM ,,0
Nike Factory Stores,2961,697 Broad Street,,Newark,NJ,7102,United States,(973) 353-0350,40.738167,-74.1707628,Sun12:00PM -  5:00PM ; Mon ~ Sat 9:00AM -  7:00PM ,,0
Nike Factory Stores,2962,4585 Whittier Blvd,,East Los Angeles,CA,90022,United States,(323) 307-9866,34.0230478,-118.1682574,,,0
Nike Factory Stores,2963,200 Tanger Outlet Blvd,Suite 710,Pooler,GA,31322,United States,(912) 450-6444,32.1343987,-81.2433679,Sun10:00AM -  7:00PM ; Mon ~ Sat 9:00AM -  9:00PM ,,0
Nike Factory Stores,2964,71 Aquarium Way,,Long Beach,CA,90802,United States,(562) 432-7304,33.7642881,-118.1944849,Sun10:00AM -  7:00PM ; Mon ~ Sat10:00AM -  9:00PM ,,0
Nike Factory Stores,2965,455 Trolly Line Boulevard,Ste 390,Mashantucket,CT,06338,United States,(860) 383-2890,41.4763404,-71.9620183,Sun – Thu10:00AM -  9:00PM ; Fri ~ Sat10:00AM - 11:00PM ,,0
Nike Factory Stores,2966,5620 Paseo Del Norte,Ste C119,Carlsbad,CA,92008,United States,(760) 929-0146,33.1260346,-117.320313,Sun10:00AM -  7:00PM ; Mon ~ Sat10:00AM -  9:00PM ,,0
Nike Factory Stores,2967,1155 Buck Creek Rd,Ste 202,Simpsonville,KY,40067,United States,(502) 722-5776,38.2058042,-85.3515207,Sun10:00AM -  7:00PM ; Mon ~ Sat10:00AM -  9:00PM ,,0
Nike Factory Stores,2968,3905 Eagan Outlets Prkwy,Bldg 100 #200,Eagan,MN,55122,United States,(651) 454-5083,44.8159532,-93.2152473,Sun10:00AM -  7:00PM ; Mon ~ Sat10:00AM -  9:00PM ,,0
Nike Factory Stores,2969,2350 Grand Cypress Drive,Ste 530,Lutz,FL,33559,United States,(813) 909-1573,28.1906322,-82.3929499,Sun10:00AM -  7:00PM ; Mon ~ Sat 9:00AM -  9:00PM ,,0
Nike Stores,2970,2071 Union Street,,San Francisco,CA,94123,United States,(415) 474-1915,37.7971546,-122.433399,Sun10:00AM -  7:00PM ; Mon ~ Sat10:00AM -  8:00PM ,,0
Nike Factory Stores,2971,6401 W. Marana Center Blvd,Ste 522,Tucson,AZ,85742,United States,(520) 744-6499,32.3757302,-111.1012309,Sun10:00AM -  7:00PM ; Mon ~ Sat10:00AM -  9:00PM ,,0
Nike Factory Stores,2972,1800 McFarland Blvd East,Ste 100,Tuscaloosa,AL,35404,United States,(205) 758-3779,33.1942195,-87.5278996,Sun12:00PM -  6:00PM ; Mon ~ Sat10:00AM -  9:00PM ,,0
Nike Stores,2973,1125 Market Street,,Lynnfield,MA,01940,United States,(781) 334-2341,42.5151944,-71.0321257,Sun11:00AM -  6:00PM ; Mon ~ Sat10:00AM -  9:00PM ,,0
Nike Factory Stores,2974,800 Brevard Road,Ste 687,Asheville,NC,28806,United States,(828) 665-2787,35.5296658,-82.6040132,Sun11:00AM -  6:00PM ; Mon ~ Sat10:00AM -  9:00PM ,,0
Nike Factory Stores,2975,1713 Preston Suite C,,Plano,TX,75093,United States,(972) 248-6300,33.0235749,-96.7970033,Sun11:00AM -  5:00PM ; Mon ~ Sat10:00AM -  8:00PM ,,0
Nike Factory Stores,2976,11201 Bass Pro Parkway #D-S101,,Little Rock,AR,72210,United States,(501) 455-7417,34.6609179,-92.4079506,Sun11:00AM -  6:00PM ; Mon ~ Sat10:00AM -  9:00PM ,,0
Nike Factory Stores,2977,5205 Airways Blvd. Suite #600,,Southaven,MS,38671,United States,(662) 349-5676,34.936242,-89.9890548,Sun10:00AM -  7:00PM ; Mon ~ Sat 9:00AM -  9:00PM ,,0
Nike Stores,2978,189 The Grove Drive,Space Q-30,Los Angeles,CA,90036,United States,(323) 937-0168,34.0724615,-118.3580995,Sun – Thu10:00AM -  9:00PM ; Fri ~ Sat10:00AM - 10:00PM ,,0
Nike Stores,2979,363 Newport Center Drive,,Newport Beach,CA,92660,United States,(949) 720-7020,33.6154676,-117.8725044,Sun11:00AM -  6:00PM ; Mon ~ Fri10:00AM -  9:00PM ,,0
Nike Stores,2980,3333 Bear Street,Suite 324,Costa Mesa,CA,92626,United States,(714) 436-0203,33.692049,-117.892915,Sun11:00AM -  6:30PM ; Mon ~ Sat10:00AM -  9:00PM ,,0
Nike Stores,2981,6 Stanford Shopping Cente,Suite 6-A,Palo Alto,CA,94304,United States,(650) 326-6957,37.4438959,-122.1708905,Sun11:00AM -  6:00PM ; Mon ~ Sat10:00AM -  8:00PM ,,0
Nike Stores,2982,7007 Friars Road,Suite 770,San Diego,CA,92108,United States,(619) 294-9385,32.7674839,-117.1656617,Sun11:00AM -  7:00PM ; Mon ~ Sat10:00AM -  9:00PM ,,0
Nike Stores,2983,125 Westchester Avenue,,White Plains,NY,10601,United States,(914) 946-6214,41.0311023,-73.7599515,Sun11:00AM -  6:30PM ; Mon ~ Sat10:00AM -  9:00PM ,,0
Nike Factory Stores,2984,3700 N Cabelas Blvd Suite 301,,Lehi,UT,84043,United States,(801) 901-1232,40.4354592,-111.884095,Sun11:00AM -  6:00PM ; Mon ~ Sat10:00AM -  9:00PM ,,0
Nike Factory Stores,2985,5885 Gulf Freeway,Suite 115,Texas City,TX,77591,United States,(281) 337-3584,29.4246973,-95.0583635,Sun10:00AM -  7:00PM ; Mon ~ Sat 9:00AM -  9:00PM ,,0
Nike Stores,2986,3040 M Street NW,Suite # 003A,Washington DC,DC,20007,United States,(202) 471-5870,38.9049458,-77.0604366,Sun – Mon10:00AM -  7:00PM ; Tue ~ Sat10:00AM -  9:00PM ,,0
Nike Stores,2987,37 W. Colorado Boulevard,,Pasadena,CA,91105,United States,(626) 793-7862,34.1460274,-118.151349,Sun11:00AM -  7:00PM ; Mon ~ Sat10:00AM -  9:00PM ,,0
Nike Factory Stores,2988,7654 West Reno Ave Suite 760,,Oklahoma City,OK,73127,United States,(405) 495-5935,35.4619123,-97.6479396,Sun11:00AM -  7:00PM ; Mon ~ Sat10:00AM -  9:00PM ,,0
Nike Factory Stores,2989,6200 Grand River Blvd,EAST #542,Leeds,AL,35094,United States,(205) 699-9840,33.5488005,-86.5961282,Sun12:00PM -  6:00PM ; Mon ~ Sat10:00AM -  9:00PM ,,0
Nike Factory Stores,2990,1 Freeport Village Statio,Space 355E,Freeport,ME,04032,United States,(207) 865-0194,43.8551206,-70.1022335,Sun – Thu10:00AM -  7:00PM ; Fri ~ Sat10:00AM -  8:00PM ,,0
Nike Factory Stores,2991,1330 Scheels Drive,Suite 162,Sparks,NV,89434,United States,(775) 358-7871,39.5321785,-119.7203598,Sun11:00AM -  6:00PM ; Mon ~ Sat10:00AM -  9:00PM ,,0
Nike Factory Stores,2992,888 W 2nd Street Suite J-100,,Calexico,CA,92231,United States,(760) 768-8420,32.6651379,-115.5075792,Sun10:00AM -  7:00PM ; Mon ~ Sat10:00AM -  9:00PM ,,0
Nike Factory Stores,2993,1622 Galleria Boulevard,,Brentwood,TN,37027,United States,(615) 376-2930,35.9682323,-86.8084787,Sun11:00AM -  6:00PM ; Mon ~ Sat10:00AM -  9:00PM ,,0
Nike Factory Stores,2994,4000 Baldwin Rd.,,Auburn Hills,MI,48326,United States,(248) 858-9291,42.7025909,-83.2990766,Sun11:00AM -  6:00PM ; Mon ~ Sat10:00AM -  9:00PM ,,0
Nike Factory Stores,2995,100 Citadel Dr Suite 561,,Commerce,CA,90040,United States,(323) 720-1684,34.0059476,-118.1528343,,,0
Nike Factory Stores,2996,530 Outlet Village Blvd.,,Lebanon,TN,37090,United States,(615) 443-3521,36.178514,-86.3038094,Sun10:00AM -  7:00PM ; Mon ~ Sat10:00AM -  9:00PM ,,0
Nike Factory Stores,2997,15601 Starfish St.,Suite 100,Panama City Beach,FL,32413,United States,(850) 236-9135,30.2206607,-85.870295,Sun12:00PM -  6:00PM ; Mon ~ Sat10:00AM -  8:00PM ,,0
Nike Factory Stores,2998,3736 West Center Park Dr,Suite 120,West Jordan,UT,84084,United States,(801) 282-1269,40.6224903,-111.9795641,Sun11:00AM -  7:00PM ; Mon ~ Sat10:00AM -  9:00PM ,,0
Nike Factory Stores,2999,915 Ridgewalk Pkwy,Ste 200,Woodstock,GA,30188,United States,(678) 445-2487,34.1196282,-84.5268692,Sun11:00AM -  7:00PM ; Mon ~ Sat10:00AM -  9:00PM ,,0
Nike Factory Stores,3000,333 Five Cities Dr.,Suite 142,Pismo Beach,CA,93449,United States,(805) 773-1684,35.1358185,-120.6277829,Sun10:00AM -  7:00PM ; Mon ~ Sat10:00AM -  9:00PM ,,0
Nike Factory Stores,3001,1788 94Th Drive Space A100,,Vero Beach,FL,32966,United States,(772) 770-6370,27.6379816,-80.5223097,Sun11:00AM -  6:00PM ; Mon ~ Sat 9:00AM -  8:00PM ,,0
Nike Factory Stores,3002,300 Fashion Way,Space A002,Burlington,WA,98233,United States,(360) 757-4431,48.456791,-122.3367441,Sun10:00AM -  7:00PM ; Mon ~ Sat 9:30AM -  8:30PM ,,0
Nike Factory Stores,3003,2701 Bergen Town Ctr.,Suite 37,Paramus,NJ,7652,United States,(201) 843-0932,40.9156379,-74.05924,,,0
Nike Stores,3004,1640 N. Damen Ave,,Chicago,IL,60647,United States,(773) 278-1095,41.9116501,-87.6777223,Sun10:00AM -  6:00PM ; Mon ~ Fri10:00AM -  8:00PM ,,0
Nike Stores,3005,2649 NE 46th Street,,Seattle,WA,98105,United States,(206) 527-3554,47.6616338,-122.2986448,Sun11:00AM -  6:00PM ; Mon ~ Sat 9:30AM -  9:00PM ,,0
Nike Stores,3006,8687 North Central Expressway,Suite 618,Dallas,TX,75225,United States,(214) 363-4127,32.8685017,-96.7735125,Sun12:00PM -  6:00PM ; Mon ~ Sat10:00AM -  9:00PM ,,0
Nike Factory Stores,3007,25 Meadows Circle Dr.,,Lake St. Louis,MO,63367,United States,(636) 625-0846,38.7805307,-90.7881863,Sun11:00AM -  6:00PM ; Mon ~ Sat10:00AM -  9:00PM ,,0
Nike Factory Stores,3008,50 Water Street Space H530,,Lee,MA,01238,United States,(413) 243-1861,42.294368,-73.2344344,Sun10:00AM -  7:00PM ; Mon ~ Sat10:00AM -  9:00PM ,,0
Nike Factory Stores,3009,80 Premium Outlets Boulevard,,Merrimack,NH,03054,United States,(603) 424-6755,42.8258621,-71.5009616,Sun10:00AM -  6:00PM ; Mon ~ Sat10:00AM -  9:00PM ,,0
Nike Factory Stores,3010,3202 Livermore Outlets Drive,,Livermore,CA,94551,United States,(925) 454-1272,37.6987763,-121.8441017,Sun10:00AM -  7:00PM ; Mon ~ Sat10:00AM -  9:00PM ,,0
Nike Factory Stores,3011,2950 West Interstate 20,Suite 755,Grand Prairie,TX,75052,United States,(972) 522-5970,32.6794741,-97.0536472,Sun11:00AM -  7:00PM ; Mon ~ Sat10:00AM -  9:00PM ,,0
Nike Factory Stores,3012,3557 Long Beach Rd.,,Oceanside,NY,11572,United States,(516) 766-1229,40.6228412,-73.638298,Sun10:00AM -  7:00PM ; Mon ~ Sat10:00AM -  9:00PM ,,0
Nike Stores,3013,1131 3rd Ave,,New York,NY,10065,United States,(212) 535-1530,40.7661159,-73.962834,Sun11:00AM -  7:00PM ; Mon ~ Sat10:00AM -  8:00PM ,,0
Nike Stores,3014,135 Oakway Rd,,Eugene,OR,97401,United States,(541) 686-3141,44.0642013,-123.0781119,Sun11:00AM -  6:00PM ; Mon ~ Thu10:00AM -  8:00PM ,,0
Nike Stores,3015,15147 North Scottsdale Rd,STE 180,Scottsdale,AZ,85254,United States,(480) 998-1136,33.6238119,-111.9251887,Sun11:00AM -  6:00PM ; Mon ~ Sat10:00AM -  9:00PM ,,0
Nike Stores,3016,244 West Market,,Bloomington,MN,55425,United States,(952) 854-5042,44.8539302,-93.2447075,Sun11:00AM -  7:00PM ; Mon ~ Sat10:00AM -  9:30PM ,,0
Nike Stores,3017,638 SW 5th Ave,,Portland,OR,97204,United States,(503) 221-6453,45.5188967,-122.6771731,Sun11:00AM -  6:00PM ; Mon ~ Sat10:00AM -  8:00PM ,,0
Nike Factory Stores,3018,4000 Arrowhead Blvd,Suite 310,Mebane,NC,27302,United States,(919) 563-2172,36.0735226,-79.2685525,Sun10:00AM -  7:00PM ; Mon ~ Sat 9:00AM -  9:00PM ,,0
Nike Stores,3019,630 Old Country Road,,Garden City,NY,11530,United States,(516) 248-0280,40.7399709,-73.6135758,Sun11:00AM -  7:00PM ; Mon ~ Sat10:00AM -  9:30PM ,,0
Nike Factory Stores,3020,4600 Shelbyville Rd Ste 615,,Louisville,KY,40207,United States,(502) 893-8199,38.2480246,-85.6301732,Sun12:00PM -  6:00PM ; Mon ~ Sat10:00AM -  9:00PM ,,0
Nike Factory Stores,3021,7105 Mills Civic Parkway,Suite 140,West Des Moines,IA,50266,United States,(515) 225-7085,41.564762,-93.8053038,Sun10:00AM -  6:00PM ; Mon ~ Sat10:00AM -  9:00PM ,,0
Nike Factory Stores,3022,1275 Marina Blvd,,San Leandro,CA,94577,United States,(510) 483-3650,37.7100729,-122.1635398,Sun10:00AM -  7:00PM ; Mon ~ Sat10:00AM -  9:00PM ,,0
Nike Factory Stores,3023,505 Premium Outlet Drive,,Monroe,OH,45050,United States,(513) 539-4645,39.433576,-84.3372878,Sun10:00AM -  7:00PM ; Mon ~ Sat10:00AM -  9:00PM ,,0
Nike Stores,3024,395 Santa Monica Place,,Santa Monica,CA,90401,United States,(310) 393-7384,34.013649,-118.4938457,Sun10:00AM -  8:00PM ; Mon ~ Sat10:00AM -  9:00PM ,,0
Nike Factory Stores,3025,17821 Chenal Parkway,Suite 103,Little Rock,AR,72223,United States,(501) 821-5276,34.7677066,-92.4599914,Sun11:00AM -  6:00PM ; Mon ~ Sat10:00AM -  9:00PM ,,0
Nike Stores,3026,156 Fifth Avenue,,New York,NY,10010,United States,(212) 243-8560,40.7399443,-73.9910549,Sun11:00AM -  7:00PM ; Mon ~ Sat10:00AM -  8:00PM ,,0
Nike Stores,3027,69 Main St,,Westport,CT,06880,United States,(203) 226-2236,41.1423798,-73.3619522,Sun11:00AM -  6:00PM ; Mon ~ Sat10:00AM -  7:00PM ,,0
Nike Factory Stores,3028,9851 South Eastern Avenue,,Las Vegas,NV,89183,United States,(702) 407-0165,36.0109508,-115.1228271,Sun10:00AM -  8:00PM ; Mon ~ Sat10:00AM -  9:00PM ,,0
Nike Factory Stores,3029,6800 N 95th Ave Suite 590,,Glendale,AZ,85305,United States,(623) 877-2027,33.5347482,-112.2667391,Sun10:00AM -  7:00PM ; Mon ~ Sat 9:00AM -  9:00PM ,,0
Converse,3446,3000 Grapevine Mills Parkway,Suite 431,Grapevine,TX,76051,United States,(972) 691-2603,32.9661607,-97.0425031,Sun11:00AM -  7:00PM ; Mon ~ Sat10:00AM -  9:00PM ,,0
Hurley,3447,5000 S. Arizona Mills Circle,Suite 347,Tempe,AZ,85282,United States,(480) 491-5814,33.3831468,-111.9647254,Sun11:00AM -  6:00PM ; Mon ~ Sat10:00AM -  9:00PM ,,0
Converse,3448,333 Five Cities Drive,Suite # A016,Pismo Beach,CA,93449,United States,(805) 773-4258,35.1358185,-120.6277829,Sun10:00AM -  7:00PM ; Mon ~ Sat10:00AM -  9:00PM ,,0
Converse,3449,350 84th Street SW,Suite 1010,Byron Center,MI,49315,United States,(616) 583-0803,42.8090702,-85.6711675,Sun11:00AM -  6:00PM ; Mon ~ Sat10:00AM -  9:00PM ,,0
Converse,3450,100 Premium Outlets Dr.,Suite #770,Blackwood,NJ,08012,United States,(856) 208-4154,39.785803,-75.0507398,Sun10:00AM -  7:00PM ; Mon ~ Sat10:00AM -  9:00PM ,,0
Converse,3451,5000 Katy Mills Circle,Suite 548,Katy Mills,TX,77494,United States,(281) 574-2526,29.7758308,-95.8093358,Sun11:00AM -  6:00PM ; Mon ~ Sat10:00AM -  9:00PM ,,0
Converse,3452,The Pike Outlets 30 The Paseo,,Long Beach,CA,90802,United States,(562) 435-2312,33.765316,-118.192463,Sun10:00AM -  7:00PM ; Mon ~ Sat10:00AM -  9:00PM ,,0
Converse,3453,"Tucson Premium Outlets, 6401 Marana Center Boulevard",Suite 803,Tucson,AZ,85742,United States,(520) 744-0167,32.3757302,-111.1012309,Sun10:00AM -  7:00PM ; Mon ~ Sat10:00AM -  9:00PM ,,0
Converse,3454,101 West Avenida Vista Hermosa,Suite 134,San Clemente,CA,92672,United States,(949) 498-2367,33.4399676,-117.6277236,,,0
Converse,3455,2312 Grand Cypress Drive,Suite 801,Lutz,FL,33559,United States,(813) 909-4979,28.1902941,-82.3929189,Sun10:00AM -  7:00PM ; Mon ~ Sat10:00AM -  9:00PM ,,0
Converse,3456,5205 Airways Blvd,Suite 720,Southaven,MS,38671,United States,(662) 298-3596,34.936242,-89.9890548,Sun10:00AM -  7:00PM ; Mon ~ Sat 9:00AM -  9:00PM ,,0
Converse,3457,1101 Outlet Collection Way,Suite 1082,Auburn,WA,98001,United States,(253) 288-9705,47.296099,-122.245761,Sun11:00AM -  6:00PM ; Mon ~ Sat10:00AM -  9:00PM ,,0
Converse,3458,7400 Las Vegas Blvd South,Suite 247D,Las Vegas,NV,89123,United States,(702) 896-0307,36.052392,-115.1690207,Sun 9:00AM -  8:00PM ; Mon ~ Sat 9:00AM -  9:00PM ,,0
Converse,3459,4155 Camino De La Plaza,Suite B444,San Diego,CA,92173,United States,(619) 428-1163,32.5436074,-117.0433388,Sun10:00AM -  7:00PM ; Mon ~ Sat10:00AM -  9:00PM ,,0
Converse,3460,3939 IH 35 South,Suite 750,San Marcos,TX,78666,United States,(512) 392-0503,29.83203,-97.978948,Sun10:00AM -  7:00PM ; Mon ~ Sat10:00AM -  9:00PM ,,0
Converse,3461,5715 Richmond Rd #75,,Williamsburg,VA,23188,United States,(757) 220-0767,37.3210839,-76.7375873,Sun10:00AM -  7:00PM ; Mon ~ Sat10:00AM -  9:00PM ,,0
Converse,3462,1813 Village West Pkwy.,Suite 107,Kansas City,KS,66111,United States,(913) 788-9969,39.1265157,-94.8232755,Sun11:00AM -  6:00PM ; Mon ~ Sat10:00AM -  9:00PM ,,0
Converse,3463,1 Premium Outlets Blvd.,Suite 642,Wrentham,MA,02093,United States,(508) 384-3637,42.038414,-71.3533924,Sun10:00AM -  6:00PM ; Mon ~ Sat10:00AM -  9:00PM ,,0
Converse,3464,1211 120th Ave.,Suite 77,Pleasant Prairie,WI,53158,United States,(262) 857-1363,42.5237429,-87.9545537,Sun10:00AM -  7:00PM ; Mon ~ Sat10:00AM -  9:00PM ,,0
Converse,3465,820 W. Stacey Rd.,Suite 310,Allen,TX,75013,United States,(972) 678-4605,33.1312545,-96.6627129,Sun11:00AM -  6:00PM ; Mon ~ Sat10:00AM -  9:00PM ,,0
Converse,3466,4401 N IH 35,Suite 531,Round Rock,TX,78664,United States,(512) 868-0039,30.5196995,-97.6878747,Sun11:00AM -  7:00PM ; Mon ~ Sat10:00AM -  9:00PM ,,0
Converse,3467,4840 Tanger Outlet Blvd.,Suite 481,North Charleston,SC,29418,United States,(843) 554-8613,32.873221,-80.018178,Sun11:00AM -  6:00PM ; Mon ~ Sat10:00AM -  9:00PM ,,0
Converse,3468,8300 Arroyo Cir,Suite B-150,Gilroy,CA,95020,United States,(408) 846-2745,37.0214439,-121.5606134,Sun10:00AM -  7:00PM ; Mon ~ Sat10:00AM -  9:00PM ,,0
Converse,3469,5001 E. Expressway 83,Suite 104,Mercedes,TX,78570,United States,(956) 565-6655,26.1604278,-97.8888406,Sun11:00AM -  7:00PM ; Mon ~ Sat10:00AM -  9:00PM ,,0
Converse,3470,22 N. Arkansas Ave,,Atlantic City,NJ,08401,United States,(609) 344-4480,39.3588827,-74.4371617,Sun10:00AM -  6:00PM ; Mon ~ Sat10:00AM -  8:00PM ,,0
Converse,3471,1001 Arney Road,Suite # 832,Woodburn,OR,97071,United States,(503) 982-8618,45.1562098,-122.8782898,Sun10:00AM -  7:00PM ; Mon ~ Sat10:00AM -  9:00PM ,,0
Converse,3472,1 Ontario Mills Cir,#114,Ontario,CA,91764,United States,(909) 481-1908,34.0734174,-117.5568016,Sun11:00AM -  8:00PM ; Mon ~ Sat10:00AM -  9:00PM ,,0
Converse,3473,447 Great Mall Drive,Suite 479,Milpitas,CA,95035,United States,(408) 935-8442,37.4163855,-121.897841,Sun11:00AM -  8:00PM ; Mon ~ Sat10:00AM -  9:00PM ,,0
Converse,3474,13000 Folsom Blvd.,Suite 202,Folsom,CA,95630,United States,(916) 608-9555,38.643849,-121.188752,Sun10:00AM -  7:00PM ; Mon ~ Sat10:00AM -  9:00PM ,,0
Converse,3475,800 Hwy 400 South,Suite 740,Dawsonville,GA,30534,United States,(706) 216-2223,34.3578144,-84.0478628,Sun11:00AM -  7:00PM ; Mon ~ Sat10:00AM -  9:00PM ,,0
Converse,3476,4977 International Dr.,Suite 3B09,Orlando,FL,32819,United States,(407) 370-5072,28.4766933,-81.4491244,,,0
Converse,3477,2200 Petaluma Blvd.,Suite 600,Petaluma,CA,94952,United States,(707) 765-1155,38.2568296,-122.6500244,Sun10:00AM -  7:00PM ; Mon ~ Sat10:00AM -  9:00PM ,,0
Converse,3478,2700 State Road,Suite 617,St. Augustine,FL,32092,United States,(904) 827-0145,30.0492242,-81.5043145,Sun10:00AM -  6:00PM ; Mon ~ Sat 9:00AM -  9:00PM ,,0
Converse,3479,7051 S. Desert Blvd.,Suite D417,El Paso,TX,79932,United States,(915) 877-5075,31.9111824,-106.5839024,Sun11:00AM -  7:00PM ; Mon ~ Sat10:00AM -  9:00PM ,,0
Converse,3480,18 Lightcap Rd.,Suite 989,Pottstown,PA,19464,United States,(610) 326-8000,40.2372296,-75.5703523,Sun10:00AM -  7:00PM ; Mon ~ Sat10:00AM -  9:00PM ,,0
Converse,3481,875 Grand Central Pkwy,Suite 2179,Las Vegas,NV,89106,United States,(702) 671-4101,36.1634205,-115.1588431,Sun10:00AM -  8:00PM ; Mon ~ Sat10:00AM -  9:00PM ,,0
Converse,3482,5179 Factory Shops Blvd.,Suite 840,Ellenton,FL,34222,United States,(941) 721-9800,27.535896,-82.5076063,Sun10:00AM -  7:00PM ; Mon ~ Sat10:00AM -  9:00PM ,,0
Converse,3483,100 Route 611,Suite G204,Tannersville,PA,18372,United States,(570) 620-1166,41.01164,-75.290501,Sun10:00AM -  8:00PM ; Mon ~ Sat10:00AM -  9:00PM ,,0
Converse,3484,29300 Hempstead Rd.,Suite 507,Cypress,TX,77433,United States,(281) 213-8340,29.9968226,-95.7573856,Sun11:00AM -  7:00PM ; Mon ~ Sat10:00AM -  9:00PM ,,0
Converse,3485,48650 Seminole Dr.,Suite 206,Cabazon,CA,92230,United States,(951) 849-5297,33.9306635,-116.8190583,Sun10:00AM -  8:00PM ; Mon ~ Sat10:00AM -  9:00PM ,,0
Converse,3486,6415 Labeaux Ave.,Suite B255,Albertville,MN,55301,United States,(763) 497-0336,45.246613,-93.668723,Sun10:00AM -  7:00PM ; Mon ~ Sat10:00AM -  9:00PM ,,0
Converse,3487,950 Grapevine Court,,Central Valley,NY,10917,United States,(845) 928-9978,41.3180214,-74.1243542,,,0
Converse,3488,36454 Seaside Outlet Dr.,,Rehoboth Beach,DE,19971,United States,(302) 226-8200,38.7186155,-75.1111872,Sun11:00AM -  7:00PM ; Mon ~ Sat 9:00AM -  9:00PM ,,0
Converse,3489,1782 Military Rd.,Suite 90A,Niagara Falls,NY,14304,United States,(716) 298-0990,43.0968232,-78.9745811,Sun10:00AM -  6:00PM ; Mon ~ Sat10:00AM -  9:00PM ,,0
Converse,3490,8166 Vineland Ave.,Suite 1725,Orlando,FL,32821,United States,(407) 239-0037,28.3876903,-81.4887397,Sun10:00AM -  9:00PM ; Mon ~ Sat10:00AM - 11:00PM ,,0
Converse,3491,1 Premium Outlets Blvd.,Suite 617,Tinton Falls,NJ,07753,United States,(732) 493-1030,40.2242127,-74.0939422,Sun10:00AM -  7:00PM ; Mon ~ Sat10:00AM -  9:00PM ,,0
Converse,3492,1650 Premium Outlets Blvd.,Suite 1251,Aurora,IL,60502,United States,(630) 820-2142,41.8006428,-88.2749629,Sun10:00AM -  7:00PM ; Mon ~ Sat10:00AM -  9:00PM ,,0
Converse,3493,5620 Paseo Del North C114,,Carlsbad,CA,92008,United States,(760) 929-0935,33.109117,-117.2298001,Sun10:00AM -  7:00PM ; Mon ~ Sat10:00AM -  9:00PM ,,0
Converse,3494,620 W. Ventura Blvd #1304,,Camarillo,CA,93010,United States,(805) 484-1138,34.2169207,-119.0908112,Sun10:00AM -  8:00PM ; Mon ~ Sat10:00AM -  9:00PM ,,0
Converse,3495,11401 North West 12th St.,Space 458,Miami,FL,33172,United States,(305) 629-3927,25.7877598,-80.3807017,Sun11:00AM -  8:00PM ; Mon ~ Sat10:00AM -  9:30PM ,,0
Converse,3496,1310 Scheels Dr.,Suite C-114,Sparks,NV,89434,United States,(775) 358-9400,39.5309981,-119.7205299,Sun11:00AM -  6:00PM ; Mon ~ Sat10:00AM -  9:00PM ,,0
Converse,3497,1220 Tanger Mall Drive,,Riverhead,NY,11901,United States,(631) 208-0860,40.9212272,-72.7146997,Sun11:00AM -  6:00PM ; Mon ~ Sat 9:00AM -  9:00PM ,,0
Converse,3498,20 City Blvd West,Suite 108A,Orange,CA,92868,United States,(714) 939-7823,33.7848294,-117.8935314,Sun10:00AM -  8:00PM ; Mon ~ Thu10:00AM -  9:00PM ,,0
Converse,3499,501 Premium Outlet Dr,,Monroe,OH,45050,United States,(513) 539-9320,39.4336832,-84.3375657,Sun10:00AM -  7:00PM ; Mon ~ Sat10:00AM -  9:00PM ,,0
Converse,3500,338 Nut Tree Road,,Vacaville,CA,95687,United States,(707) 448-4151,38.3654425,-121.9536137,Sun10:00AM -  7:00PM ; Mon ~ Sat10:00AM -  9:00PM ,,0
Converse,3501,94-790 Lumiaina St.,Suite 105,Waipahu,HI,96797,United States,(808) 676-6096,21.402128,-158.0067933,Sun10:00AM -  6:00PM ; Mon ~ Sat 9:00AM -  9:00PM ,,0
Converse,3502,241 Ft Evans Rd NE,#1143,Leesburg,VA,20176,United States,(703) 771-9872,39.1128003,-77.5348719,Sun10:00AM -  7:00PM ; Mon ~ Sat10:00AM -  9:00PM ,,0
Converse,3503,10801 Corkscrew Rd.,#415,Estero,FL,33928,United States,(239) 495-9512,26.4362393,-81.7746935,Sun11:00AM -  7:00PM ; Mon ~ Sat10:00AM -  8:00PM ,,0
Converse,3504,100 Citadel Dr.,Suite 579,Commerce,CA,90040,United States,(323) 727-9142,34.0059476,-118.1528343,,,0
Converse,3505,4000 Arrowhead Blvd #320,,Mebane,NC,27302,United States,(919) 304-2001,36.0735226,-79.2685525,Sun11:00AM -  7:00PM ; Mon ~ Sat 9:00AM -  9:00PM ,,0
Converse,3506,7642 W Reno Ave #D-435,,Oklahoma City,OK,73128,United States,(405) 789-5048,35.4625421,-97.6477248,Sun11:00AM -  7:00PM ; Mon ~ Sat10:00AM -  9:00PM ,,0
Converse,3507,476 Opry Mills Dr.,Suite 274,Nashville,TN,37214,United States,(615) 800-3454,36.203856,-86.6924305,Sun11:00AM -  7:00PM ; Mon ~ Sat10:00AM -  9:00PM ,,0
Converse,3508,80 Premium Outlets Blvd,Suite 715,Merrimack,NH,03054,United States,(603) 424-6633,42.8258621,-71.5009616,Sun10:00AM -  8:00PM ; Mon ~ Sat10:00AM -  9:00PM ,,0
Converse,3509,4536 Baldwin Rd.,Suite 861,Auburn Hills,MI,48326,United States,(248) 858-7526,42.7067596,-83.3068285,Sun11:00AM -  6:00PM ; Mon ~ Sat10:00AM -  9:00PM ,,0
Converse,3510,1247 Marina Blvd,,San Leandro,CA,94577,United States,(510) 483-3246,37.7106738,-122.1622842,Sun – Fri10:00AM -  9:00PM ; Sat11:00AM -  6:00PM ,,0
Converse,3511,609 Stanley K Tanger Blvd.,,Lancaster,PA,17605,United States,(717) 396-6572,40.0266556,-76.2216248,Sun10:00AM -  7:00PM ; Mon ~ Sat 9:00AM -  9:00PM ,,0
Converse,3512,2950 W. Interstate 20,Suite 840,Grand Prairie,TX,75052,United States,(972) 606-6793,32.6794741,-97.0536472,Sun11:00AM -  6:00PM ; Mon ~ Sat10:00AM -  9:00PM ,,0
Converse,3513,12801 W. Sunrise Blvd.,Suite 401,Sunrise,FL,33323,United States,(954) 845-0294,26.1491969,-80.324787,Sun11:00AM -  8:00PM ; Mon ~ Sat10:00AM -  9:30PM ,,0
Converse,3514,5885 Gulf Freeway,Suite 110,Texas City,TX,77591,United States,(281) 337-3860,29.4246973,-95.0583635,Sun10:00AM -  7:00PM ; Mon ~ Sat 9:00AM -  9:00PM ,,0
Converse,3515,3318 Livermore Outlets Dr,,Livermore,CA,94551,United States,(925) 373-0658,37.6987165,-121.8441117,Sun10:00AM -  7:00PM ; Mon ~ Sat10:00AM -  9:00PM ,,0
Converse,3516,6800 N. 95 Ave.,Suite 575,Glendale,AZ,85305,United States,(623) 772-5392,33.5347482,-112.2667391,Sun10:00AM -  7:00PM ; Mon ~ Sat10:00AM -  9:00PM ,,0
Converse,3517,2549 Old Vineland Road,,Kissimmee,FL,34746,United States,(321) 677-0034,28.3173079,-81.468673,Sun – Thu 9:00AM -  9:00PM ; Fri ~ Sat 9:00AM - 10:00PM ,,0
Converse,3518,1645 Parkway,Suite 460,Seivierville,TN,37862,United States,(865) 453-5273,35.832558,-83.5698202,Sun10:00AM -  7:00PM ; Mon ~ Sat 9:00AM -  9:00PM ,,0
Converse,3519,8740 Factory Shops Blvd.,,Jeffersonville,OH,43128,United States,(740) 948-9156,39.621301,-83.600192,Sun10:00AM -  7:00PM ; Mon ~ Sat10:00AM -  9:00PM ,,0
Converse,3520,152 The Arches Cirlce,Suite 1203,Deer Park,NY,11729,United States,(631) 242-2868,40.76509,-73.303344,Sun10:00AM -  8:00PM ; Mon ~ Sat 9:00AM -  9:00PM ,,0
Converse,3521,4976 Premium Outlets Way,Suite 710,Chandler,AZ,85226,United States,(480) 639-1777,33.2875981,-111.9732968,Sun10:00AM -  6:00PM ; Mon ~ Sat10:00AM -  9:00PM ,,0
Converse,3522,10600 Quil Ceda Blvd.,Suite 664,Tulalip,WA,98271,United States,(360) 716-2396,48.0934009,-122.1876843,Sun10:00AM -  7:00PM ; Mon ~ Sat10:00AM -  9:00PM ,,0
Converse,3523,5220 Fashion Outlet Way,Suite 1150,Rosemont,IL,60018,United States,(847) 678-7290,41.9754926,-87.8659742,Sun10:00AM -  7:00PM ; Mon ~ Sat10:00AM -  9:00PM ,,0
Converse,3524,915 Ridgewalk Parkway,Suite 780,Woodstock,GA,30188,United States,(770) 592-2339,34.1196282,-84.5268692,Sun11:00AM -  7:00PM ; Mon ~ Sat10:00AM -  9:00PM ,,0
Converse,3525,15571 South Apopka Vineland,,Orlando,FL,32821,United States,(407) 477-0052,28.360949,-81.4999883,Sun10:00AM -  7:00PM ; Mon ~ Sat10:00AM -  9:00PM ,,0
Converse,3526,18521 Outlet Blvd.,Space # 509,Chesterfield,MO,63005,United States,(636) 778-2229,38.6773113,-90.6612812,Sun10:00AM -  7:00PM ; Mon ~ Sat10:00AM -  9:00PM ,,0
Converse,3527,888 W. 2nd St,Suite # L-190,Calexico,CA,92231,United States,(760) 768-8532,32.6651379,-115.5075792,Sun11:00AM -  7:00PM ; Mon ~ Sat10:00AM -  9:00PM ,,0
Converse,3528,200 Bass Pro Drive,Suite # 230,Pearl,MS,39208,United States,(601) 939-3762,32.2752075,-90.1528487,Sun12:00PM -  7:00PM ; Mon ~ Sat10:00AM -  9:00PM ,,0
Converse,3529,6800 Oxon Hill Rd,Suite 520,National Harbor,MD,20745,United States,(301) 567-9293,38.7945102,-77.0010248,Sun11:00AM -  6:00PM ; Mon ~ Sat10:00AM -  9:00PM ,,0
Converse,3530,21351 Nebraska Crossings Drive,Space A125,Gretna,NE,68028,United States,(402) 332-5145,41.0992649,-96.2516925,Sun11:00AM -  6:00PM ; Mon ~ Sat10:00AM -  9:00PM ,,0
Converse,3531,1731 Palm Beach Lakes Blvd.,# E303,West Palm Beach,FL,33401,United States,(561) 688-9997,26.7246083,-80.0863884,Sun11:00AM -  7:00PM ; Mon ~ Sat10:00AM -  9:00PM ,,0
Converse,3532,390 Artisan Way,,Somerville,MA,02145,United States,(617) 623-0762,42.3950087,-71.0800953,Sun11:00AM -  6:00PM ; Mon ~ Sat10:00AM -  9:00PM ,,0
Converse,3533,5050 Factory Shops Blvd.,Suite # 210,Castle Rock,CO,80108,United States,(303) 660-5281,39.4154663,-104.8735711,Sun11:00AM -  6:00PM ; Mon10:00AM -  6:00PM ,,0
Converse,3534,651 Kapkowski Road - Suite 2458,,Elizabeth,NJ,07201,United States,(908) 965-3495,40.6600434,-74.171557,Sun11:00AM -  7:00PM ; Mon ~ Sat10:00AM -  9:00PM ,,0
Converse,3535,1155 Buck Creek Road,Suite B-204,Simpsonville,KY,40067,United States,(502) 722-6673,38.2058042,-85.3515207,Sun10:00AM -  7:00PM ; Mon ~ Sat10:00AM -  9:00PM ,,0
Converse,3536,3965 Eagan Outlets Parkway,Suite 310,Eagan,MN,55122,United States,(651) 454-1757,44.8149882,-93.2156262,Sun10:00AM -  7:00PM ; Mon ~ Sat10:00AM -  9:00PM ,,0
Converse,3537,5518 New Fashion Way,Suite 585,Charlotte,NC,28278,United States,(704) 587-0476,35.1698979,-80.9696071,Sun10:00AM -  7:00PM ; Mon ~ Sat10:00AM -  9:00PM ,,0
Converse,3538,5701 Outlets At Tejon Ranch Pkwy,#340,Arvin,CA,93203,United States,(661) 858-2454,34.9851078,-118.9417191,,,0
Converse,3539,10676 Emerald Coast Parkway,Suite 127,Destin,FL,32550,United States,(850) 650-2384,30.3818769,-86.3581273,Sun10:00AM -  7:00PM ; Mon ~ Sat10:00AM - 10:00PM ,,0
Converse,3540,200 Tanger Outlet Blvd.,Suite # 711,Pooler,GA,31322,United States,(912) 450-0770,32.1343987,-81.2433679,Sun11:00AM -  8:00PM ; Mon ~ Sat10:00AM -  9:00PM ,,0
Converse,3541,250 E. Palm Drive,Suite 195,Florida City,FL,33034,United States,(305) 248-3876,25.4526434,-80.4728899,Sun11:00AM -  6:00PM ; Mon ~ Sat10:00AM -  9:00PM ,,0
Converse,3542,2700 Potomax Mills Cir,Suite # 925,Woodbridge,VA,22192,United States,(571) 572-3296,38.643548,-77.2953745,Sun11:00AM -  6:00PM ; Mon ~ Sat10:00AM -  9:00PM ,,0
Converse,3543,"Outlets of Little Rock, 11201 Bass Pro Prkwy",Suite #E119,Little Rock,AR,72210,United States,(501) 455-7662,34.7151821,-92.5098914,Sun11:00AM -  6:00PM ; Mon ~ Sat10:00AM -  9:00PM ,,0
Converse,3544,400 S Wilson Rd.,Suite 1020,Sunbury,OH,43074,United States,(740) 965-2369,40.2773671,-82.9043692,Sun10:00AM -  7:00PM ; Mon ~ Sat 9:00AM -  9:00PM ,,0
Converse,3545,348 Newbury St,,Boston,MA,02115,United States,(617) 424-0008,42.3481389,-71.0870709,Sun11:00AM -  6:00PM ; Mon ~ Fri10:00AM -  7:00PM ,,0
Converse,3546,560 Broadway,,New York,NY,10012,United States,(212) 966-1099,40.7238588,-73.9974904,Sun11:00AM -  7:00PM ; Mon ~ Sat10:00AM -  9:00PM ,,0
Converse,3547,1437-39 3rd St Promenade,,Santa Monica,CA,90401,United States,(310) 451-0314,34.0150757,-118.4948708,Sun11:00AM -  8:00PM ; Mon ~ Thu10:00AM -  9:00PM ,,0
Converse,3549,838 Market Street,,San Francisco,CA,94102,United States,(415) 433-1174,37.785396,-122.406883,Sun11:00AM -  7:00PM ; Mon ~ Sat10:00AM -  8:00PM ,,0
Converse,3550,1 Lovejoy Wharf,,Boston,MA,02114,United States,(617) 248-9530,42.3666411,-71.0600305,Sun11:00AM -  6:00PM ; Mon ~ Fri10:00AM -  7:00PM ,,0
Hurley,3551,638 Spectrum Center Dr,,Irvine,CA,92618,United States,(949) 753-1065,33.6490246,-117.7449241,Sun10:00AM -  9:00PM ; Mon ~ Thu10:00AM - 10:00PM ,,0
Hurley,3552,855-C Front Street,,Lahaina,HI,96761,United States,(808) 667-9283,20.8762389,-156.6807196,,,0
Hurley,3553,100 Citadel Drive,Suite 433,Commerce,CA,90040,United States,(323) 728-1821,34.0059476,-118.1528343,,,0
Hurley,3554,855 S. Grand Central Parkway,Suite 1880,Las Vegas,NV,89106,United States,(702) 385-2219,36.1629318,-115.15825,Sun 9:00AM -  8:00PM ; Mon ~ Sat 9:00AM -  9:00PM ,,0
Hurley,3555,7400 Las Vegas Blvd. South,Suite 58B,Las Vegas,NV,89123,United States,(702) 270-3155,36.052392,-115.1690207,Sun 9:00AM -  8:00PM ; Mon ~ Sat 9:00AM -  9:00PM ,,0
Hurley,3556,8200 Vineland Avenue,Suite 1729,Orlando,FL,32821,United States,(407) 238-9618,28.3866691,-81.4939428,Sun10:00AM -  9:00PM ; Mon ~ Sat10:00AM - 11:00PM ,,0
Hurley,3557,620 East Ventura Blvd,Suite 1306,Camarillo,CA,93010,United States,(805) 384-2759,34.2162889,-119.0651547,Sun10:00AM -  8:00PM ; Mon ~ Sat10:00AM -  9:00PM ,,0
Hurley,3558,12801 W. Sunrise Blvd,Suite 663,Sunrise,FL,33323,United States,(954) 835-0546,26.1491969,-80.324787,Sun11:00AM -  8:00PM ; Mon ~ Sat10:00AM -  9:30PM ,,0
Hurley,3559,11401 NW 12th Street,Suite 456,Miami,FL,33172,United States,(305) 629-3741,25.7877598,-80.3807017,Sun11:00AM -  8:00PM ; Mon ~ Sat10:00AM -  9:30PM ,,0
Hurley,3560,29300 Hempstead Road,Suite 607,Cypress,TX,77433,United States,(281) 758-4242,29.9968226,-95.7573856,Sun11:00AM -  7:00PM ; Mon ~ Sat10:00AM -  9:00PM ,,0
Hurley,3561,10801 Corkscrew Road,Suite 162,Estero,FL,33928,United States,(239) 949-0454,26.4362393,-81.7746935,Sun11:00AM -  6:00PM ; Mon ~ Sat10:00AM -  9:00PM ,,0
Hurley,3562,"4015 IH 35, South",Suite 632,San Marcos,TX,78666,United States,(512) 392-5175,29.8256207,-97.9868889,Sun10:00AM -  7:00PM ; Mon ~ Sat 9:00AM -  9:00PM ,,0
Hurley,3563,4971 International Drive,Suite 3D05,Orlando,FL,32819,United States,(407) 352-2996,28.4751392,-81.4505475,Sun10:00AM -  9:00PM ; Mon ~ Sat10:00AM - 11:00PM ,,0
Hurley,3564,5405 Factory Shops Blvd,Suite 105,Ellenton,FL,34222,United States,(941) 729-1606,27.5343685,-82.5072006,Sun10:00AM -  7:00PM ; Mon ~ Sat10:00AM -  9:00PM ,,0
Hurley,3565,20 City Boulevard,Suite 209,Orange,CA,92868,United States,(714) 940-9900,33.783107,-117.893329,Sun11:00AM -  9:00PM ; Mon ~ Thu10:00AM -  9:00PM ,,0
Hurley,3566,820 West Stacy Road,Suite 210,Allen,TX,75013,United States,(972) 912-3040,33.1312545,-96.6627129,Sun11:00AM -  6:00PM ; Mon ~ Sat10:00AM -  9:00PM ,,0
Hurley,3567,250 Nut Tree Road,,Vacaville,CA,95687,United States,(707) 446-6300,38.3669663,-121.954549,Sun10:00AM -  6:00PM ; Mon ~ Sat10:00AM -  9:00PM ,,0
Hurley,3568,3284 Livermore Outlets Drive,,Livermore,CA,94551,United States,(925) 443-3764,37.7006301,-121.8427886,Sun10:00AM -  7:00PM ; Mon ~ Sat10:00AM -  9:00PM ,,0
Hurley,3569,5885 Gulf Fwy,Suite 770,Texas City,TX,77591,United States,(281) 534-2040,29.4246973,-95.0583635,Sun10:00AM -  8:00PM ; Mon10:00AM -  9:00PM ,,0
Hurley,3570,48650 Seminole Drive,Suite 1154,Cabazon,CA,92230,United States,(951) 849-2802,33.9306635,-116.8190583,Sun10:00AM -  8:00PM ; Mon ~ Sat10:00AM -  9:00PM ,,0
Hurley,3571,One Mills Circle,Suite 709,Ontario,CA,91764,United States,(909) 941-0546,34.0734174,-117.5568016,Sun11:00AM -  8:00PM ; Mon ~ Sat10:00AM -  9:00PM ,,0
Hurley,3572,1731 Palm Beach Lakes Blvd,Suite E305,West Palm Beach,FL,33401,United States,(561) 687-2870,26.7246083,-80.0863884,Sun11:00AM -  7:00PM ; Mon ~ Sat10:00AM -  9:00PM ,,0
Hurley,3573,4401 N IH 35,Suite 591,Round Rock,TX,78664,United States,(512) 863-4690,30.5646526,-97.6899008,Sun11:00AM -  7:00PM ; Mon ~ Sat10:00AM -  9:00PM ,,0
Hurley,3574,2312 Grand Cypress Drive,Suite 803,Lutz,FL,33559,United States,(813) 949-2480,28.1902941,-82.3929189,Sun10:00AM -  7:00PM ; Mon ~ Sat10:00AM -  9:00PM ,,0
Hurley,3575,4155 Camino de la Plaza,Suite 443,San Ysidro,CA,92173,United States,(619) 428-4002,32.5436074,-117.0433388,Sun10:00AM -  7:00PM ; Mon ~ Sat10:00AM -  9:00PM ,,0
Hurley,3576,2535 Old Vineland Road,,Kissimmee,FL,34746,United States,(407) 787-0237,28.3172204,-81.4684592,,,0
Hurley,3577,8225 Arroyo Circle,Suite A025,Gilroy,CA,95020,United States,(408) 847-0358,37.0207563,-121.5646271,Sun 9:00AM -  8:00PM <br/>10:00AM -  7:00PM ; Mon ~ Sat10:00AM -  9:00PM ,,0
Nike Factory Stores,3587,1261 Woodward Ave,,Detroit,MI,48226,United States,313-965-3319,42.3336637,-83.048826,Sun10:00AM -  6:00PM ; Mon ~ Sat10:00AM -  8:00PM ,,0
Nike Factory Stores,3588,400 South Wilson Rd,Suite 400,Sunbury,OH,43074-7509,United States,740-965-2887,40.2773671,-82.9043692,Sun10:00AM -  7:00PM ; Mon ~ Sat 9:00AM -  9:00PM ,,0
Nike Stores,3590,6 East 57Th St,,New York,NY,10022,United States,212 891 6453,40.7623084,-73.9734027,Sun11:00AM -  8:00PM ; Mon ~ Sat10:00AM -  8:00PM ,,0
Nike Factory Stores,3599,11600 Old Georgetown Park Rd,,North Bethesda,MD,20852,United States,301-231-4902,39.0491653,-77.1170403,Sun12:00PM -  6:00PM ; Mon ~ Sat10:00AM -  9:00PM ,,0
Nike Factory Stores,3600,627 SW 145th Terrace,,Pembroke Pines,FL,33027,United States,954-441-7556,26.0023555,-80.3365919,Sun11:00AM -  7:00PM ; Mon ~ Sat10:00AM -  9:00PM ,,0
Nike Factory Stores,3736,945 A Emmet Street,,Charlottesville,VA,22903,United States,434-245-0423,38.0490835,-78.5047217,Sun11:30AM -  6:00PM ; Mon ~ Thu10:00AM -  8:00PM ,,0
Nike Stores,3941,529 Broadway,,New York,NY,10012,United States,646-716-3740,40.7233422,-73.999058,,,0
Nike Stores,3942,1035 Lincoln Road,,Miami Beach,FL,33139,United States,(305) 674-0352,25.790827,-80.139735,Sun11:00AM - 10:00PM ; Mon ~ Sat10:00AM - 11:00PM ,,0
Converse,4224,3700 N. Cabelas Blvd ,,Lehi,UT,84043,United States,(801) 341-0735,40.4354593,-111.884095,Sun11:00AM -  6:00PM ; Mon ~ Sat10:00AM -  9:00PM ,,0
Converse,4225,1535 Retherford Street,,Tulare,CA,93274,United States,(559) 687-1987,36.2329915,-119.3354343,Sun10:00AM -  7:00PM ; Mon ~ Sat10:00AM -  9:00PM ,,0
Nike Factory Stores,4240,22705 Clarksburg Road,,Clarksburg,MD,20871,United States,3015407369,39.2295575,-77.2863462,Sun10:00AM -  7:00PM ; Mon ~ Wed10:00AM -  9:00PM ,,0
Converse,4241,22705 Clarksburg Road,Suite 616,Clarksburg,MD,20871,United States,(301) 540-6816,39.2295575,-77.2863462,Sun10:00AM -  7:00PM ; Mon ~ Sat10:00AM -  9:00PM ,,0
Converse,4242,7000 Arundel Mills Circle,Suite 453,Hanover,MD,21076,United States,(410) 379-8348,39.1573631,-76.7252493,Sun11:00AM -  7:00PM ; Mon ~ Sat10:00AM -  9:30PM ,,0
Converse,4243,40-24 College Point Blvd.,Suite D03D,Flushing,NY,11354,United States,(718) 321-1656,40.7571898,-73.83489,Sun11:00AM -  8:00PM ; Mon ~ Sat10:00AM -  9:30PM ,,0
Converse,4244,2910 West Loop ,Suite  825,Lubbock,TX,79407,United States,(806) 785-1248,33.5680627,-101.8651355,Sun12:30PM - 10:00PM ; Mon ~ Sat10:00AM - 10:00PM ,,0
Nike Factory Stores,4245,"1100 Cornerstone Blvd, Suite 180",,Daytona Beach,FL,32117,United States,386-274-2849,29.2198083,-81.0958518,Sun10:00AM -  7:00PM ; Mon ~ Sat 9:00AM -  9:00PM ,,0
Converse,4246,1100 Cornerstone Blvd.,Suite 935,Daytona Beach,FL,32117,United States,(386) 274-2029,29.2198083,-81.0958518,Sun10:00AM -  7:00PM ; Mon ~ Sat 9:00AM -  9:00PM ,,0
Nike Factory Stores,4572,9743-19 Avenue NW,,Edmonton,AB,T6N 1N5,United States,780-490-6453,53.446876,-113.482484,Sun10:00AM -  5:00PM ; Mon ~ Sat10:00AM -  9:00PM ,,0
Nike Factory Stores,4573,Burloak Centre,3509 Wyecroft Road,Oakville,ON,L6L 0B6,United States,905-827-4677,43.3965095,-79.7494348,Sun11:00AM -  6:00PM ; Mon ~ Fri10:00AM -  9:00PM ,,0
Nike Factory Stores,4645,Fairway Plaza,5726 Fairmont Parkway,Pasadena,TX,77505,United States,2819980010,29.649574,-95.153328,Sun11:00AM -  7:00PM ; Mon ~ Fri10:00AM -  9:00PM ,,0
Converse,5195,500 N IH 69 Suite 105,,Robstown,TX,78380,United States,(361) 387-0147,27.7903,-97.6689,Sun12:00PM -  6:00PM ; Mon ~ Sat10:00AM -  9:00PM ,,0
Nike Factory Stores,5196,500 North IH-69,,Robstown,TX,78380,United States,(361) 387-0141,27.852,-97.63,Sun12:00PM -  6:00PM ; Mon ~ Sat10:00AM -  9:00PM ,,0
Nike Factory Stores,5296,1600 Water Street Suite A-100,,Laredo,TX,78040,United States,956-712-8018,27.501848,-99.509236,Sun11:00AM -  7:00PM ; Mon ~ Sat10:00AM -  9:00PM ,,0
Nike Factory Stores,5330,Mountain Grove at Citrus Plaza,27641 San Bernadino Ave,Redlands,CA,92374,United States,909-307-8903,34.0772298,-117.5037329,Sun11:00AM -  7:00PM ; Mon ~ Sat10:00AM -  9:00PM ,,0
Nike Factory Stores,7386,20393 N Rand Rd,102,Kildeer,IL,60074,United States,8474383505,42.160297,-88.047006,Sun11:00AM -  6:00PM ; Mon ~ Sat10:00AM -  9:00PM ,,0
Nike Factory Stores,7407,12741 Ocean Gateway,Ste 740,Ocean City,Md,21842,United States,4102139501,38.43281,-75.0548,Sun10:00AM -  7:00PM ; Mon ~ Sat 9:00AM -  9:00PM ,,0
