store_name,store_number,address,address2,city,state,zip_code,country,phone_number,latitude,longitude,store_hours,other_fields,coming_soon
128 Volvo Cars,AA7RZ,614 North Avenue,"Wakefield, MA 01880",Wakefield,Massachusetts,01880,United States,781-224-3700,42.51509,-71.08728,,,0
"Alan Byer Auto Sales, Inc.",AA7R5,1230 West Genesee Street,"Syracuse, NY 13204",Syracuse,New York,13204,United States,(315) 471-6107,43.05331,-76.17683,,,0
All Star Volvo of Baton Rouge,AD3V8,10101 Coursey Blvd,"Baton Rouge, LA 70816",Baton Rouge,Louisiana,70816,United States,(225) 292-4700,30.4171524,-91.06876,,,0
Almartin Volvo Cars,AA7P5,85 Executive Drive,"Shelburne, VT 05482",Shelburne,Vermont,05482-6476,United States,(800) 639-5088,44.4061165,-73.21489,,,0
Autobahn Motorcars,AA7SQ,3000 White Settlement Road,"Fort Worth, TX 76107",Fort Worth,Texas,76107,United States,(817) 336-0885,32.7592964,-97.36243,,,0
Autobarn Volvo of Oak Park,AEEAM,1140 Garfield Street,"Oak Park, IL  60304",Oak Park,Illinois,60304,United States,708-786-6560,41.8723869,-87.80351,,,0
AutoNation Volvo Cars Bellevue,AEC7H,420 116th Avenue NE,"Bellevue, WA  98004",Bellevue,Washington,98004,United States,(425) 249-7393,47.6179123,-122.1804,,,0
AutoNation Volvo Cars San Jose,ADV7E,4600 Stevens Creek Blvd,"San Jose, CA  95129",San Jose,California,95129,United States,(408) 983-2400,37.3226662,-121.984329,,,0
AutoNation Volvo Cars South Bay,AD2WH,3010 Pacific Coast Highway,"Torrance, CA  90505",Torrance,California,90505,United States,(310) 325-3255,33.7965431,-118.3393,,,0
AutoNation Volvo Cars Spokane,AEEFR,1310 W. 3rd Avenue,"Spokane, WA 99201",Spokane,Washington,99201,United States,(509) 892-9200,47.65355,-117.4312,,,0
Bay Ridge Volvo,AA7QT,8910 Fourth Avenue,"Brooklyn, NY  11209",Brooklyn,New York,11209,United States,(718) 833-7070,40.62059,-74.02944,,,0
Bayway Volvo,AD67O,12353 Gulf Freeway,"Houston, TX 77034",Houston,Texas,77034,United States,(281) 929-6500,29.62011,-95.21971,,,0
Beach Volvo,AC93U,851 Jason Blvd,"Myrtle Beach, SC  29577",Myrtle Beach,South Carolina,29577,United States,(843) 626-3666,33.71211,-78.90632,,,0
Bedard Brothers Volvo Cars,AA7RQ,395 South State Road,"Cheshire, MA 01225",Cheshire,Massachusetts, 01225,United States,(413) 743-0014,42.5508575,-73.16493,,,0
Bergeron Volvo,AA7R0,3525 Veterans Boulevard,"Metairie, LA  70002",Metairie,Louisiana,70002,United States,(504) 293-5283,30.0039463,-90.16007,,,0
Bergstrom Volvo,ADW2N,3030 Victory Lane,"Appleton, WI  54913",Appleton,Wisconsin,54913,United States,(920) 968-5600,44.2896461,-88.46914,,,0
Best Volvo Cars of Rochester,AA7R4,1500 University Avenue,"Rochester, NY  14610 ",Rochester,New York,14610,United States,(585) 473-8530,43.14911,-77.56221,,,0
"Betten Imports, Inc.",AA7YM,5901 28TH ST SE,"Grand Rapids, MI  49546-6907",Grand Rapids,Michigan,49546,United States,(616) 301-2100,42.9132,-85.52053,,,0
Bill Gray Volvo Cars,AD5RF,2897 Washington Road,"McMurray, PA 15317",McMurray,Pennsylvania,15317,United States,(724) 949-1555,40.3001862,-80.09879,,,0
Bill Kidds Volvo,ADFF7,10401 York Rd,"Cockeysville, MD  21030",Cockeysville,Maryland,21030,United States,(410) 666-8900,39.472805,-76.64005,,,0
Bill Pearce Volvo Cars,AA7UV,11555 SO. VIRGINIA ST,"Reno, NV  89511",Reno,Nevada,89511,United States,(775) 826-2100,39.499382,-119.7888,,,0
Bob Byers Ravenna Volvo,AA7VD,2700 N.E. 55th Street,"Seattle, WA  98105",Seattle,Washington,98105,United States,(206) 525-5424,47.6686554,-122.2984,,,0
Bob Penkhus Volvo Cars,AA7TE,1101 Motor City Drive,"Colorado Springs, CO  80906",Colorado Springs,Colorado,80906,United States,(719) 473-4595,38.819397,-104.8363,,,0
Bobby Rahal Volvo Cars,ACNJ7,15035 Perry Highway,"Wexford, PA 15090",Wexford,Pennsylvania, 15090,United States,(724) 940-3400,40.6500435,-80.07897,,,0
Borton Volvo (Golden Valley),ACN0S,905 Hampshire Avenue,"Golden Valley, MN  55426",Golden Valley,Minnesota,55426,United States,(612) 827-3666,44.972702,-93.36524,,,0
Boston Volvo Village,AA7RR,75 North Beacon Street,"Brighton, MA  02134",Brighton,Massachusetts,02134,United States,(888) 797-9587,42.354393,-71.14161,,,0
Brian Bemis Imports,AD5RJ,1825 DeKalb Ave.,"Sycamore, IL  60178",Sycamore,Illinois,60178-3105,United States,(815) 895-8105,41.9706764,-88.7188,,,0
Brown-Daub Volvo Cars Lehigh Valley,AA7WL,4046 Jandy Blvd.,"Nazareth, PA  18064",Nazareth,Pennsylvania,18064,United States,(484) 298-0000,40.7305,-75.3086,,,0
"Burdumy Motors, Inc.",AA7WH,2711 Philmont Ave,"Huntingdon Valley, PA 19006",Huntingdon Valley,Pennsylvania, 19006,United States,(215) 947-6363,40.1217422,-75.05185,,,0
Byers Volvo,AA7YR,301 N. Hamilton Road,"Columbus, OH  43213",Columbus,Ohio,43213,United States,(614) 864-0780,40.0251656,-82.86631,,,0
Capital Volvo,ADZD7,3963 W. Tennessee Street,"Tallahassee, FL  32304",Tallahassee,Florida,32304,United States,(850) 574-3777,30.4584389,-84.36155,,,0
Capital Volvo of Albany,ADZ0T,347 New Karner Rd. - Route 155,"Colonie, NY  12205",Colonie,New York,12205,United States,(518) 452-1100,42.7297821,-73.85393,,,0
Carlsbad Volvo,AA7T8,6830 Avenida Encinas,"Carlsbad, CA 92009",Carlsbad,California, 92009,United States,(760) 931-7100,33.1069374,-117.3143,,,0
Carolina Volvo,AA7VS,12 Gateway Village Road,"Bluffton, SC  29910",Bluffton,South Carolina,29910,United States,(843) 815-6400,32.2549934,-80.84634,,,0
"Centennial Imports, Inc.",AA7V1,3050 Navy Boulevard,"Pensacola, FL 32505",Pensacola,Florida, 32505,United States,(850) 432-9903,30.4123726,-87.2518,,,0
Century Volvo,AA7SA,3800 University Drive N.W.,"Huntsville, AL  35816",Huntsville,Alabama,35816,United States,(256) 536-3800,34.73537,-86.62369,,,0
Chattanooga Volvo,AD3K2,6037 International Dr.,"Chattanooga, TN 37421",Chattanooga,Tennessee,37421,United States,(423) 855-5664,35.06009,-85.19171,,,0
Cherry Hill Volvo Cars,AA7Q2,1810 Marlton Pike West,"Cherry Hill, NJ 08002",Cherry Hill,New Jersey,08002,United States,(856) 665-4050,39.9179573,-75.03141,,,0
Clayton Motors,AA7SB,9715 Parkside Drive,"Knoxville, TN 37922",Knoxville,Tennessee, 37922,United States,(865) 560-0050,35.9119072,-84.10881,,,0
Connecticuts Own Volvo,AA7QS,915 Boston Post Road,"Milford, CT  06460",Milford,Connecticut,06460,United States,(203) 877-0311,41.2317657,-73.05059,,,0
"Continental Motor Company, Inc.",AA7VG,4800 Old Seward Highway,"Anchorage, AK  99503",Anchorage,Alaska,99503,United States,(907) 561-6686,61.1772079,-149.8683,,,0
Corleys Albuquerque Volvo,ADLS7,9000 Pan American Freeway N.E.,"Albuquerque, NM  87113",Albuquerque,New Mexico,87113,United States,(505) 260-2200,35.1880531,-106.580521,,,0
Courtesy Volvo Cars of Chico,AEENJ,2520 Cohasset Road,"Chico, CA 95973",Chico,California,95973,United States,(530) 893-1300,39.7613945,-121.8432,,,0
Crest Volvo Cars,ADB3V,2705 North Central Expressway,"Plano, TX 75075",Plano,Texas,75075,United States,(972) 963-9700 ,33.0341225,-96.70671,,,0
Crippen Volvo Cars,AA7YJ,8300 W. Saginaw Hwy,"Lansing, MI  48917",Lansing,Michigan,48917,United States,(517) 627-8411,42.7411842,-84.67815,,,0
Crown Volvo,ABRQ5,3604 West Wendover,"Greensboro, NC  27407",Greensboro,North Carolina,27407,United States,(336) 852-0600,36.0597534,-79.88299,,,0
Crown Volvo Cars,AEJQ3,13525 US 19 North,"Clearwater, FL  33764",Clearwater,Florida,33764,United States,(727) 530-0602,27.8949223,-82.72274,,,0
Culver City Volvo,ADXSW,11201 Washington Blvd,"Culver City, CA  90230",Culver City,California,90230,United States,(310) 391-0445,34.00731,-118.4131,,,0
Darcars Volvo,AA7XI,15401 Frederick Rd,"Rockville, MD  20855",Rockville,Maryland,20855,United States,(301) 309-3900,39.1076622,-77.1588,,,0
Darlings Volvo,AA7QA,114 Sylvan Road,"Bangor,  ME  04401",Bangor,Maine, 04401,United States,(207) 941-1460,44.82797,-68.7456,,,0
Darrell Waltrip Volvo,AA7SL,1450 Murfreesboro Road,"Franklin, TN  37068",Franklin,Tennessee,37068,United States,(615) 791-1101,35.91301,-86.82036,,,0
Deel Volvo,AA7V3,3650 Bird Road,"Miami, FL  33133",Miami,Florida,33133,United States,(305) 444-2222,25.7349529,-80.25316,,,0
DeMontrond Volvo,AA7SW,14101 North Freeway,"Houston, TX  77090",Houston,Texas,77090,United States,(281) 872-3883,29.9708958,-95.421,,,0
Dick Dyer Volvo Cars,AA7VH,5825 Two Notch Road,"Columbia, SC 29223",Columbia,South Carolina, 29223,United States,(803) 786-8888,34.05347,-80.97818,,,0
Don Beyer Volvo,AA7XE,1231 West Broad St.,"Falls Church, VA  22046",Falls Church,Virginia,22046,United States,(703) 237-5000,38.89273,-77.18782,,,0
Don Beyer Volvo - Dulles,AC3K6,21830 Pacific Blvd,"Dulles, VA 20166",Dulles,Virginia, 20166,United States,(703) 421-5700,39.011467,-77.4384,,,0
Don Beyer Volvo - Winchester,AD2JV,4015 Valley Pike,"Winchester, VA  22602",Winchester,Virginia,22602,United States,(540) 868-0053,39.11618,-78.19981,,,0
Don Beyer Volvo-Alexandria,AB0T3,"7416 Richmond Hwy, Rt 1 S","Alexandria, VA 22306",Alexandria,Virginia, 22306,United States,(703) 768-5800,38.7568321,-77.08399,,,0
Dyer & Dyer Volvo Cars,AA7VL,5260 Peachtree Industrial Blvd,"Chamblee, GA  30341",Chamblee,Georgia,30341,United States,(770) 452-0077,33.893528,-84.30724,,,0
Eagle Auto-Mall Corporation,AA7QY,1320 Old Country Road,"Riverhead, NY 11901",Riverhead,New York,11901,United States,(631) 727-0700,40.93032,-72.68512,,,0
Eddy's Volvo Cars of Wichita,AEEL0,3211 N. Webb Street,"Wichita, KS  67226",Wichita,Kansas,67226,United States,(316) 771-5300,37.7422256,-97.22632,,,0
Evansville Volvo,ADXF2,4000 Division Street,"Evansville, IN  86360",Evansville,Indiana,47715,United States,(812) 473-0215,37.977478,-87.50243,,,0
Fairfax Volvo,AA7XD,11050 Main St,"Fairfax, VA  22030",Fairfax,Virginia,22030,United States,(703) 591-1820,38.8543053,-77.32713,,,0
Fathers & Sons Volvo,AA7RT,989 Memorial Ave.,"West Springfield, MA 01089",West Springfield,Massachusetts,  01089,United States,(413) 214-6777,42.0943947,-72.61397,,,0
Ferman Volvo Cars of Tarpon Springs,AA7V0,"43520 U.S. Highway 19, North","Tarpon Springs, FL 34689",Tarpon Springs,Florida, 34689,United States,(727) 942-4800,28.1675072,-82.7407,,,0
Fields Volvo,AA7X0,770 Frontage Road,"Northfield, IL 60093",Northfield,Illinois,60035,United States,(847) 831-2100,42.11244,-87.77575,,,0
Fields Volvo Cars of Daytona,AEITI,1270 N. Tomoka Farms Road,"Daytona Beach, FL  32124",Daytona Beach,Florida,32124,United States,(386) 252-7676,29.2079029,-81.1008453,,,0
Fields Volvo Madison,AD1BF,6624 Seybold Road,"Madison, WI  53719",Madison,Wisconsin,53719,United States,(608) 443-3600,43.05185,-89.49623,,,0
Fields Volvo Waukesha,ADY2L,1901 East Moreland,"Waukesha, WI 53186",Waukesha,Wisconsin,53186,United States,(262) 970-5900,43.0266647,-88.19405,,,0
Friendship Volvo of Bristol,AD2RA,1855 Volunteer Parkway,"Bristol, TN  37620",Bristol,Tennessee,37620,United States,(423) 652-6200,36.55133,-82.22347,,,0
Galpin Volvo,ADWCS,15500 Roscoe Blvd,"Van Nuys, CA 91406",Van Nuys,California,91406,United States,(818) 894-3800,34.22125,-118.4702,,,0
Garlyn Shelton Imports,AA7S6,5700 S.W.H.K. Dodgen Loop,"Temple, TX  76502",Temple,Texas,76502,United States,(800) 431-1942,31.1075916,-97.39137,,,0
Gengras Volvo,AA7QK,300 Connecticut Blvd.,"East Hartford, CT 06108",East Hartford,Connecticut,  06108,United States,(860) 289-3461,41.7695847,-72.65203,,,0
Gengras Volvo Cars North Haven,ACUGH,375 Washington Avenue,"North Haven, CT 06473",Meriden,Connecticut,06473,United States,(203) 237-8658,41.52535,-72.76722,,,0
Gerald Jones Volvo,AA7VJ,4022 Washington Road,"Martinez, GA 30907",Martinez,Georgia, 30907,United States,(706) 228-7600,33.51093,-82.105,,,0
Giles Volvo Cars,AA7SG,6141 Johnston Street,"Lafayette, LA  70503",Lafayette,Louisiana,70503,United States,(337) 988-2277,30.16431,-92.08376,,,0
Goodwin's Volvo,AA7P8,91 Main St.,"Topsham, ME  04086",Topsham,Maine,04086,United States,(207) 729-3369,43.9344635,-69.96547,,,0
Gorges Volvo Cars,AA7TK,17665 Burt Street,"Omaha, NE 68118",Omaha,Nebraska,68118,United States,(402) 359-1500,41.2634239,-96.17888,,,0
Gunther Volvo Cars Coconut Creek,AEI3A,4300 North State Road 7,"Coconut Creek, FL  33073",Coconut Creek,Florida,33073,United States,(954) 590-3760,26.2831211,-80.20051,,,0
Gunther Volvo Delray,AEEAL,2201 N. Federal Highway,"Delray Beach, FL 33483",Delray Beach,Florida, 33483,United States,(561) 243-4600,26.4855614,-80.06504,,,0
Herb Chambers Volvo Cars of Norwood,AD07I,1120 Providence Highway,Norwood MA  02062,Norwood,Massachusetts,02062,United States,(781) 329-1100,42.1758232,-71.19266,,,0
Herzog-Meier Volvo,AA7U3,4275 S.W. 139 Way,"Beaverton, OR  97005",Beaverton,Oregon,97005,United States,(503) 644-9121,45.4890938,-122.8199,,,0
Holmes Volvo,AA7S9,1221 East Bert Kouns Ind. Loop,"Shreveport, LA 71105",Shreveport,Louisiana, 71105,United States,(318) 212-1212,32.418602,-93.72244,,,0
Howard Orloff Volvo,AA7X7,1924 N. Paulina Street,"Chicago, IL  60622",Chicago,Illinois,60622,United States,(773) 227-3200,41.91713,-87.67047,,,0
Hudson Valley Volvo,AA7RN,1152 Route 9,"Wappingers Falls, NY  12590",Wappingers Falls,New York,12590,United States,(888) 346-6348,41.5664864,-73.90677,,,0
Hunter Volvo,AD5RI,2520 Asheville Highway,"Hendersonville, NC 28791",Hendersonville,North Carolina,28791,United States,(828) 210-7700,35.3494759,-82.4729462,,,0
Isringhausen Volvo of Springfield,AECDA,228 E. Jefferson,"Springfield, IL  62701",Springfield,Illinois,62701,United States,(217) 528-2277,39.8029175,-89.65281,,,0
Jack Ingram,AA7SF,227 Eastern Bypass,"Montgomery, AL  36117",Montgomery,Alabama,36117,United States,(334) 277-5700,32.3776436,-86.21008,,,0
Jackson Automotive,AA7VO,4781 Riverside Dr,"Macon, GA  31210",Macon,Georgia,31210,United States,(478) 477-4858,32.92356,-83.71086,,,0
Jaffarian Volvo,AA7RX,600 River Street,"Haverhill, MA  01832",Haverhill,Massachusetts,01832,United States,(978) 372-8551,42.765316,-71.10427,,,0
James Mears Volvo,AA7S2,6027 Spur 327,"Lubbock, TX  79424",Lubbock,Texas,79424,United States,(806) 747-2931,33.5384979,-101.9431,,,0
"Jim Fisher Volvo, Inc.",AA7U2,2108 West Burnside,"Portland, OR  97210",Portland,Oregon,97210,United States,(503) 295-5576,45.5230827,-122.6944,,,0
Junge Volvo,ADYSD,1200 Boyson Road,"Hiawatha, IA 52233",HIawatha,Iowa,52233,United States,(319) 393-6500,42.045208,-91.69004,,,0
Karp Volvo,AA7QV,392 Sunrise Highway,"Rockville Centre, NY 11570",Rockville Centre,New York, 11570,United States,(516) 764-4242,40.65694,-73.6392059,,,0
"Kempthorn Motors, Inc.",AA7YV,1449 Cleveland Ave N.W.,"Canton, OH  44703",Canton,Ohio,44703,United States,(330) 452-6511,40.813755,-81.37875,,,0
Ken Garff Volvo,AA7T1,525 South State Street,"Salt Lake City, UT 84111",Salt Lake City,Utah, 84111,United States,(801) 257-3500,40.7579269,-111.8879,,,0
Keystone Motors (Berwyn),AA7WB,497 E. Lancaster Ave,"Berwyn, PA  19312",Berwyn,Pennsylvania,19312,United States,(610) 647-1800,40.0468178,-75.435,,,0
Keystone Motors (Doylestown),AA7ZW,235 S. Main Street,"Doylestown, PA  18901",Doylestown,Pennsylvania,18901,United States,(215) 348-9438,40.30589,-75.1289,,,0
King Volvo,AA7VC,1601 Iowa Street,"Bellingham, WA 98229",Bellingham,Washington, 98229,United States,(360) 733-7300,48.7565079,-122.4536,,,0
Kline Volvo,AA7XY,3040 N. Highway 61,"St. Paul, MN  55109",St. Paul,Minnesota,55109,United States,(651) 481-9600,45.0332,-93.04455,,,0
Kundert Volvo,AA7Q7,136 Route 17 North,"Hasbrouck Heights, NJ 07604",Hasbrouck Heights,New Jersey,07604,United States,(201) 288-8984,40.8932648,-74.07122,,,0
Kundert Volvo of Englewood,AA7Q5,186 Engle Street ,"Englewood, NJ 07631",Englewood,New Jersey,07631,United States,(201) 567-2300,40.8990822,-73.97006,,,0
LaFontaine Volvo Cars of Farmington Hills,AEEKH,24730 Haggerty Road,"Farmington Hills, MI 48335",Commerce Twp.,Michigan,48335,United States,(248) 579-1300,42.4729767,-83.43515,,,0
Lehman Volvo Cars of Mechanicsburg,AA7W2,6281 Carlisle Pike,"Mechanicsburg, PA  17050",Mechanicsburg,Pennsylvania,17050-2306,United States,(717) 691-8400,40.24577,-76.99909,,,0
Lehman Volvo Cars of York,AA7W5,950 North Hills Road,"York, PA 17402",York,Pennsylvania, 17402,United States,(717) 755-7676,39.9824867,-76.69238,,,0
Leikin Volvo Cars Cleveland,AA7YT,38750 Mentor Ave,"Willoughby, OH  44094",Willoughby,Ohio,44094,United States,(440) 946-6900,41.64449,-81.39313,,,0
Lovering Volvo,AA7P7,180 Daniel Webster Highway,"Nashua, NH 03060",Nashua,New Hampshire, 03060,United States,(603) 888-7070,42.76053,-71.46492,,,0
Lovering Volvo at Concord,AA7ZK,95 Manchester Street,"Concord, NH  03301",Concord,New Hampshire,03301,United States,(603) 225-6681,43.1910248,-71.51215,,,0
Lovering Volvo of Meredith,ADY01,251 Daniel Webster Highway,"Meredith, NH  03253",Meredith,New Hampshire,03253,United States,(603) 279-8000,43.648468,-71.49945,,,0
"Lyle Pearson Co., Inc.",AA7U4,7805 Gratz Drive,"Boise, ID  83709",Boise,Idaho,83709,United States,(208) 377-3900,43.6014366,-116.2786,,,0
MAG Volvo Cars Dublin,AD2WZ,6335 Perimeter Loop Road,"Dublin, OH 43017",Columbus,Ohio, 43017,United States,(614) 885-6206,40.1019974,-83.15098,,,0
Maguire Volvo Cars of Ithaca,AD237,370 Elmira Road,"Ithaca, NY  14850",Ithaca,New York,14850,United States,(607) 257-1515,42.42147,-76.51801,,,0
Maple Hill Volvo,AA7YL,5622 W. Main,"Kalamazoo, MI  49009",Kalamazoo,Michigan,49009,United States,(269) 342-6600,42.2959976,-85.67418,,,0
McDonald Automotive Group Volvo,AA7TC,6040 South Broadway,"Littleton, CO  80121",Littleton,Colorado,80121,United States,(303) 794-2626,39.6063957,-104.9878,,,0
McGrath Volvo Cars Barrington,AE13B,300 N. Hough Street,"Barrington, IL  60010",Barrington,Illinois,60010,United States,(847) 381-9400,42.15636,-88.13626,,,0
McKevitt Volvo,ACO96,467 Marina Blvd.,"San Leandro, CA  94577",San Leandro,California,94577,United States,(510) 895-5000,37.71543,-122.1543,,,0
McLarty Volvo Cars of Little Rock,AEJDZ,1500 North Shackleford Rd,"Little Rock, AR 72211",Little Rock,Arkansas, 72211,United States,(501) 224-3200,34.7664,-92.39603,,,0
McLaughlin Volvo,ADXB6,4101 41st Street,"Moline, IL 61265",Moline,Illinois, 61265,United States,(309) 797-5654,41.47139,-90.47591,,,0
Merrimack Street Volvo,AA7QC,40-56 Merrimack Street,"Manchester, NH  03101",Manchester,New Hampshire,03101,United States,(603) 623-8015,42.98932,-71.46182,,,0
Miller Volvo of Lebanon,AB8WN,175 Heater Rd.,"Lebanon, NH  03766",Lebanon,New Hampshire,03766,United States,(603) 448-6363,43.6535645,-72.24409,,,0
Mitchell Volvo of Litchfield Hills,ACNJ4,450 New Litchfield St (Rt. 202),"Torrington, CT  06790",Torrington,Connecticut,06790,United States,(860) 496-5090,41.8069038,-73.11133,,,0
Mitchell Volvo of Simsbury,AA7ZL,384 Hopmeadow St.,"Simsbury, CT 06070",Simsbury,Connecticut, 06070,United States,(860) 408-6065,41.8511925,-72.81282,,,0
Momentum Volvo,AA7SR,10150 Southwest Freeway,"Houston, TX  77074",Houston,Texas,77074,United States,(800) 548-2952,29.6694279,-95.54964,,,0
Montrose Volvo of Cleveland ,ADVD5,9600 Brookpark Road ,"Cleveland, OH  44129",Cleveland,Ohio,44129,United States,(216) 351-9999,41.4186363,-81.75216,,,0
Motorcars Volvo,AA7YW,18123 Rockside Rd,"Bedford, OH  44146",Bedford,Ohio,44146,United States,(440) 439-8400,41.4031944,-81.55201,,,0
Mt. Kisco Volvo,AA7RM,299 Kisco Avenue,"Mount Kisco, NY  10549",Mount Kisco,New York,10549,United States,(888) 247-2672,41.2194862,-73.7261,,,0
Napleton Volvo,ADWTU,1349 Indianapolis Blvd,"Schererville, IN  46375",Schererville,Indiana,46375,United States,(219) 865-3800,41.49953,-87.47091,,,0
Niello Volvo of Sacramento,AEDQH,4609 Madison Avenue,"Sacramento, CA 95841",Sacramento,California, 95841,United States,(916) 488-2400,38.6610451,-121.35733,,,0
North Point Volvo,ADDDE,1570 Mansell Road,"Alpharetta, GA  30009",Alpharetta,Georgia, 30009,United States,(678) 365-0600,34.04028,-84.32059,,,0
Northtown Volvo Cars Buffalo,AD3NN,8135 Main Street,"Williamsville, NY  14231",Williamsville,New York,14231,United States,(888) 504-4087,42.9649467,-78.69226,,,0
OSteen Volvo of Jacksonville,AA7VU,10863 Phillips Highway,"Jacksonville, FL  32256",Jacksonville,Florida,32256,United States,(904) 396-5486,30.1716347,-81.54376,,,0
Palm Springs Volvo,AC84R,67-977 East Palm Canyon Drive,"Cathedral City, CA  92234",Cathedral City,California,92234,United States,(760) 321-6600,33.7844772,-116.4758,,,0
Paramount Volvo of Hickory,AD3PA,1205 South Center St.,"Hickory,  North Carolina  28602",Hickory,North Carolina,28602,United States,(828) 328-1050 ,35.7158051,-81.33763,,,0
Park Place Volvo,AD5Q9,3515 Inwood Ave.,"Dallas, TX  75209",Dallas,Texas,75209,United States,(214) 956-5500,32.8308067,-96.82594,,,0
Parkway Volvo Cars,AA7XW,5920 Market Street,"Wilmington, NC 28405",Wilmington,North Carolina, 28405,United States,(910) 392-4888,34.2487335,-77.86127,,,0
Patrick Volvo,AC4WH,1600 E. Higgins Rd.,"Schaumburg, IL 60173",Schaumburg,Illinois, 60173,United States,(847) 605-4005,42.0386467,-88.04036,,,0
Paul Moak Volvo,AA7SK,740 Larson St.,"Jackson, MS  39202",Jackson,Mississippi,39202,United States,(601) 352-2700,32.3046341,-90.16793,,,0
"Pauls Motors Sales & Service, Inc.",AA7RA,990 Goffle Road,"Hawthorne, NJ  07506",Hawthorne,New Jersey,07506,United States,(973) 427-5777,40.96641,-74.15675,,,0
"Pedersen Volvo, Ltd.",AA7S0,4455 South Mason Street,"Fort Collins, CO  80525",Fort Collins,Colorado,80525,United States,(970) 223-8500,40.52547,-105.079292,,,0
Performance Volvo Cars,AD5RG,5050 West Penn Avenue,"Sinking Spring, PA  19608",Sinking Spring,Pennsylvania,19608,United States,(610) 685-8100,40.3259621,-76.03009,,,0
Pioneer Volvo Cars,AA7R1,253 Greenfield Road,"South Deerfield, MA 01373",South Deerfield,Massachusetts, 01373,United States,(413) 665-4356,42.511734,-72.60573,,,0
Portland Volvo,AA7QE,9 US Route 1,"Scarborough, ME  04074",Scarborough,Maine,04074,United States,(207) 883-5568,43.6120148,-70.31308,,,0
Premier Volvo Cars Overland Park,AEJQ4,7801 Metcalf Avenue,"Overland Park, KS 66204",Overland Park,Kansas,66204,United States,(816) 501-2800,38.9874153,-94.6677246,,,0
Prestige Volvo,AA7RB,285 East Route 10,"East Hanover, NJ  07936",East Hanover,New Jersey,07936,United States,(973) 884-2400,40.8073921,-74.37482,,,0
Prime Volvo Cars South Shore,AEH4Z,425 Lincoln Street Rte 3A,"Hingham, MA 02043",Norwell,Massachusetts,02043,United States,(781) 829-3100,42.24815,-70.9259644,,,0
Quantrell Volvo,AA7ZA,"1490 New Circle Rd, NE","Lexington, KY  40509",Lexington,Kentucky,40509,United States,(859) 266-2161,38.02302,-84.45481,,,0
Ramsey Volvo,AA7RC,585 Route 17 South,"Ramsey, NJ 07446",Ramsey,New Jersey, 07446,United States,(201) 327-5105,41.0576973,-74.12166,,,0
Ray Price Volvo of the Poconos,AD2GG,505 Fawn Street,"East Stroudsburg, PA  18301",East Stroudsburg,Pennsylvania,18301,United States,(570) 421-2000,41.0219269,-75.1856155,,,0
Red Bank Volvo Cars,AA7RD,100 East Newman Springs Road,"Red Bank, NJ  07701",Red Bank,New Jersey,07701,United States,(732) 741-5886,40.3381462,-74.06709,,,0
"Rickenbaugh Volvo, Inc.",AA7TD,777 Broadway,"Denver, CO  80203",Denver,Colorado,80203,United States,(303) 573-7773,39.7286644,-104.9876,,,0
Riley Volvo Cars Stamford,AD5Q7,107 Myrtle Ave.,"Stamford, CT 06902",Stamford,Connecticut, 06902,United States,(203) 359-2632,41.0526466,-73.5261,,,0
Royal Volvo,ADS2M,3010 Columbiana Road,"Vestavia Hills, AL 35216",Vestavia Hills,Alabama, 35216,United States,(205) 823-3100,33.41375,-86.80733,,,0
RUSNAK/Pasadena,AA7TU,2025 E. Colorado Blvd.,"Pasadena, CA 91107",Pasadena,California, 91107,United States,(626) 577-6661,34.14646,-118.108429,,,0
Sandberg Northwest Volvo,AA7VB,17025 Highway 99,"Lynnwood, WA 98037",Lynnwood,Washington,  98037,United States,(425) 741-1400,47.84413,-122.2954,,,0
Santa Fe Volvo,AA7TF,2704 Cerrillos Road,"Santa Fe, NM 87505",Santa Fe,New Mexico, 87505,United States,(505) 471-6700,35.6576653,-105.9875,,,0
Schumacher Volvo Cars of the Palm Beaches,AEDAT,3001 Okeechobee Boulevard,"West Palm Beach, FL  33409",West Palm Beach,Florida,33409,United States,(561) 471-7600,26.7065449,-80.1281,,,0
Scott Volvo Cars Allentown,ADZ2S,3209 Lehigh Street,"Allentown, PA 18103",Allentown,Pennsylvania,18103,United States,(610) 791-1221,40.5571022,-75.48842,,,0
Secor Volvo Cars,AA7QO,575 Broad Street,"New London, CT  06320",New London,Connecticut,06320,United States,(860) 442-3232,41.3660774,-72.12162,,,0
Serafini Volvo,AA7R9,3101 Vestal Parkway East,"Vestal, NY  13850",Vestal,New York,13850,United States,(607) 729-3511,42.0955658,-76.00431,,,0
Serra Volvo Cars of Traverse City,AEF79,1331 S. Garfield Ave,"Traverse City, MI  49686",Traverse City,Michigan,49686-4332,United States,(231) 946-5540,44.74415,-85.59511,,,0
Sesi Volvo,ADJN8,3990 Jackson Avenue,"Ann Arbor, MI  48103",Ann Arbor,Michigan,48103,United States,(734) 668-6100,42.2852554,-83.80934,,,0
Sheppard Volvo,AA7U6,2300 West 7th Ave.,"Eugene, OR 97402",Eugene,Oregon, 97402,United States,(541) 343-8811,44.0548477,-123.1291,,,0
"Sill-TerHar Motors, Inc.",AC7MC,125 Alter Street,"Broomfield, CO  80020",Broomfield,Colorado,80020,United States,(303) 469-1801,39.9189835,-105.0956,,,0
"Smith Volvo, Inc",AA7TR,1219 Monterey Street,"San Luis Obispo, CA  93401",San Luis Obispo,California,93401,United States,(805) 543-0832,35.2834778,-120.6582,,,0
Smithtown Volvo,AA7QU,633 Middle Country Road,"St. James, NY  11780",St. James,New York,11780-0602,United States,(631) 724-0400,40.8603249,-73.15706,,,0
"Smolich Motors, Inc.",AA7U8,20630 Grandview Drive,"Bend, OR  97701",Bend,Oregon,97701,United States,(541) 389-1177,44.11249,-121.295021,,,0
Smothers European,AA7UN,2881 Corby Ave.,"Santa Rosa, CA 95407",Santa Rosa,California, 95407,United States,(707) 542-4810,38.40705,-122.7165,,,0
"Smythe Volvo, Inc.",AA7RF,40-42 River Road,"Summit, NJ  07901",Summit,New Jersey,07901,United States,(908) 273-4200,40.7303925,-74.37574,,,0
"Stadel Motors, Inc.",AA7WU,5455 Manheim Pike,"East Petersburg, PA  17520",East Petersburg,Pennsylvania,17520,United States,(717) 569-1050,40.0929832,-76.34965,,,0
Star Motor Cars,AA7S7,7000 Katy Road,"Houston, TX 77024",Houston,Texas, 77024,United States,(713) 868-6800,29.7824688,-95.44201,,,0
Star Volvo Cars Greensburg,AA7WR,5200 State Route 30,"Greensburg, PA  15601",Greensburg,Pennsylvania,15601,United States,(724) 834-6100,40.303463,-79.50465,,,0
Steingold Volvo,AA7QQ,766 Broadway,"Pawtucket, RI  02861",Pawtucket,Rhode Island,02861,United States,(401) 723-4700,41.8934746,-71.3719254,,,0
Stillman Volvo Cars,AA7WC,1290 Wilmington Pike Route 202,"West Chester, PA  19382",West Chester,Pennsylvania,19382,United States,(610) 399-1300,39.90743,-75.56882,,,0
Suburban Volvo,AA7YO,1795 Maple Lawn,"Troy, MI  48084",Troy,Michigan,48084,United States,(248) 458-2000,42.5526581,-83.1739,,,0
"Sullivan-Parkhill Imports, Inc.",ABRQ8,401 W Marketview Dr,"Champaign, IL  61822",Champaign,Illinois,61822-1208,United States,(217) 352-4161,40.1371574,-88.24872,,,0
Tasca Volvo,AD5Q6,1300 Pontiac Ave,"Cranston, RI  02920",Cranston,Rhode Island,02920,United States,(401) 681-1300,41.7480354,-71.45184,,,0
The Volvo Store,AA7V2,1051 W Webster Avenue,"Winter Park, FL 32789",Winter Park,Florida, 32789,United States,(407) 628-0550,28.6040668,-81.36338,,,0
Tom Kelley Volvo,AB8WP,910 Avenue of Autos,"Ft. Wayne, IN  46804",Ft. Wayne,Indiana,46804,United States,(260) 434-4800,41.0763931,-85.21682,,,0
Tom Wood Volvo,AA7ZE,4620 E. 96th St,"Indianapolis, IN  46240",Indianapolis,Indiana,46240,United States,(317) 848-7447,39.9270248,-86.09382,,,0
Triple J Volvo,AD667,470 N Marine Corps Drive,"Tamuning, Guam  96913",Tamuning,California,96913,United States,(671) 649-3673,13.4902811,144.78923,,,0
Underriner Volvo,AA7VE,3671 Pierce Parkway,"Billings, MT  59106",Billings,Montana,59106,United States,(406) 255-2363,45.73446,-108.61039,,,0
Union Park Volvo Cars,ACTN7,1704 Pennsylvania Avenue,"Wilmington, DE  19805",Wilmington,Delaware,19805,United States,(302) 658-7245,39.75475,-75.56528,,,0
University Volvo,AA7Z2,7716 North Tryon Street,"Charlotte, NC 28262",Charlotte,North Carolina, 28262,United States,(704) 547-1095,35.2931252,-80.75555,,,0
Valenti Volvo Cars of Watertown,AEINE,105 Commercial Street,"Watertown, CT  06795",Watertown,Connecticut,06795,United States,(860) 274-1800,41.5748634,-73.10155,,,0
Velde Volvo,ADG3Y,2200 W. Pioneer Parkway,"Peoria, IL  61615",Peoria,Illinois,61615-1382,United States,(309) 692-9880,40.7832375,-89.62511,,,0
Volvo  Cars of Nashville,AA7SN,302 Murfreesboro Pike,"Nashville, TN 37210",Nashville,Tennessee,37210,United States,(615) 244-7000,36.1466522,-86.75547,,,0
Volvo Cars Annapolis,AA7WS,333 Busch's Frontage Rd.,"Annapolis, MD 21409",Annapolis,Maryland,21409-5534,United States,(410) 974-4800,39.02719,-76.45406,,,0
Volvo Cars Athens,AA7VM,2890 Atlanta Highway,"Athens, GA  30606",Athens,Georgia,30606,United States,(706) 546-1033,33.94509,-83.43628,,,0
Volvo Cars Bakersfield,AB5WX,5500 Gasoline Alley Drive,"Bakersfield, CA  93313",Bakersfield,California,93313,United States,(661) 858-6586,35.30471,-119.0353,,,0
Volvo Cars Bridgewater ,AA7Q9,1028 U.S. Route 22,"Somerville, NJ 08876",Somerville,New Jersey, 08876,United States,(908) 526-7700,40.57974,-74.60015,,,0
Volvo Cars Cape Cod,AD8IM,270 North Street,"Hyannis, MA 02601",Hyannis,Massachusetts, 02601,United States,(508) 775-4526,41.6516953,-70.29183,,,0
Volvo Cars Charleston,AEJCH,5 Dudley Farms Lane,"Charleston, WV  25309",Charleston,West Virginia,25309,United States,(304) 746-0700,38.3295555,-81.71199,,,0
Volvo Cars Cincinnati East,AA7YU,4113 Plainville Road,"Cincinnati, OH 45227",Cincinnati,Ohio, 45227,United States,(513) 271-3200,39.0717926,-84.31498,,,0
Volvo Cars Edison,ADXGQ,842 Route 1 North,"Edison, NJ  08817",Edison,New Jersey,08817,United States,(732) 248-0500,40.5124359,-74.3812561,,,0
Volvo Cars Exeter,AEKOB,140 Portsmouth Ave.,"Exeter, NH 03833",Exeter,New Hampshire, 03833,United States,(603) 772-5975,42.9891777,-70.93293,,,0
Volvo Cars Fayetteville,AEF6C,2012 Skibo Road,"Fayetteville, NC  28314",Fayetteville,North Carolina,28314,United States,(910) 864-1449,35.0586243,-78.97103,,,0
Volvo Cars Fredericksburg,AD2YQ,1001 Noble Way,"Fredericksburg, VA 22401",Fredericksburg,Virginia, 22401,United States,(540) 373-5200,38.31374,-77.50602,,,0
Volvo Cars Fresno,AEAIW,5212 N. Blackstone,"Fresno, CA 93710",Fresno,California, 93710,United States,(559) 226-5175,36.81218,-119.790169,,,0
Volvo Cars Glen Cove,AECLG,79 Cedar Swamp Road,"Glen Cove, New York 11542",Glen Cove,New York,11542,United States,(516) 671-1700 ,40.8545,-73.61927,,,0
Volvo Cars Manasquan,AEKJ4,2415 Highway 35,"Manasquan, NJ  08736",Manasquan,New Jersey,08736,United States,(732) 528-7500,40.1271935,-74.06784,,,0
Volvo Cars Marin,ADYK8,201 Casa Buena Drive,"Corte Madera, CA 94925",Corte Madera,California, 94925,United States,(415) 496-2200,37.924614,-122.515,,,0
Volvo Cars New Bern,AEG7Y,"3405 Dr. M.L. King, Jr. Blvd","New Bern, NC 28562",New Bern,North Carolina,28562,United States,(252) 638-6161,35.0982666,-77.09883,,,0
Volvo Cars of Austin,AA7ST,6375 East Highway 290 East,"Austin, TX  78723",Austin,Texas,78723,United States,(512) 452-0266,30.3214054,-97.70069,,,0
Volvo Cars of Bethesda,AEEP3,7001 Arlington Road,"Bethesda, MD 20814",Bethesda,Maryland,20814,United States,(240) 200-3800,38.9797821,-77.09837,,,0
Volvo Cars of Cincinnati North,ADYKB,5890 Mulhauser Road,"West Chester, OH  45069",West Chester,Ohio,45069,United States,(513) 603-3400,39.32126,-84.42984,,,0
Volvo Cars of Fort Myers,AEFFU,2600 Colonial Boulevard,"Fort Myers, FL  33907",Fort Myers,Florida,33907,United States,(239) 313-4400,26.598,-81.86071,,,0
Volvo Cars of Fort Washington,AEE24,115 Bethlehem Pike,"Fort Washington, PA 19034",Fort Washington,Pennsylvania,19034,United States,(215) 653-7300,40.1381035,-75.21209,,,0
Volvo Cars of Georgetown,ADX4P,7501 South IH 35,"Georgetown, TX  78626",Georgetown,Texas,78626,United States,(512) 930-2111,30.57924,-97.69189,,,0
Volvo Cars of Huntington,AEF52,345 W. Jericho Turnpike,"Huntington, NY 11743",Huntington,New York,11743,United States,(631) 271-1200,40.8285332,-73.42523,,,0
Volvo Cars of Las Vegas,ACT9Y,7705 West Sahara Blvd.,"Las Vegas, NV  89117",Las Vegas,Nevada,89117,United States,(702) 317-1000,36.14349,-115.2587,,,0
Volvo Cars of Louisville,AEF56,"#5 Swope AutoCenter Drive, I-64 & S. Hurstbourne Pkwy","Louisville, KY  40299",Louisville,Kentucky,40299,United States,(502) 493-3333,38.2187653,-85.58208,,,0
Volvo Cars of Manhattan,AEETZ,619 West 54th Street,"New York, NY 10019",New York,New York,10019,United States,(646) 744-0063,40.7688446,-73.9939041,,,0
Volvo Cars of Marietta,ADXXC,1195 Cobb Parkway S,"Marietta, GA  30060",Marietta,Georgia,30060,United States,(770) 952-1800,33.9232025,-84.50517,,,0
Volvo Cars of Memphis,AD3BL,7910 Trinity Road,"Memphis, TN  38018",Memphis,Tennessee,38018,United States,(901) 373-3000,35.14231,-89.79724,,,0
Volvo Cars of Mission Viejo,AEERC,28730 Marguerite Pkwy,"Mission Viejo, CA 92692",Mission Viejo,California,92692,United States,(949) 359-5000,33.54467,-117.672752,,,0
Volvo Cars of Phoenix,AD8P7,2205 West Bell Road  ,"Phoenix, AZ  85023",Phoenix,Arizona,85023,United States,(877) 475-0951,33.6399269,-112.10643,,,0
Volvo Cars of Queens,AEHDU,207-22 Northern Boulevard,"Bayside, NY 11361",Bayside,New York,11361,United States,718-482-2118,40.7585,-73.7762,,,0
Volvo Cars of the Woodlands,AEI2A,16785 A Interstate 45 South,"The Woodlands, TX 77385",The Woodlands,Texas,77385,United States,936-321-6530,30.2120342,-95.45543,,,0
Volvo Cars of Thousand Oaks,AEELX,3161 E Thousand Oaks Blvd,"Thousand Oaks, CA 91362",Thousand Oaks,California,91362,United States,(805) 496-3030,34.16845,-118.835121,,,0
Volvo Cars of Tulsa,ADW4L,4111 S Memorial Drive,"Tulsa, OK   74145",Tulsa,Oklahoma,74145,United States,(918) 526-2500,36.104332,-95.88628,,,0
Volvo Cars Oklahoma City,ADVWK,1125 N. Broadway,"Oklahoma City, OK  73103",Oklahoma City,Oklahoma,73103,United States,(405) 272-1717,35.4792366,-97.51422,,,0
Volvo Cars Ontario,AA7TQ,1300 Auto Center Drive,"Ontario, CA  91761",Ontario,California,91761,United States,(909) 605-5700,34.04987,-117.5451,,,0
Volvo Cars Palo Alto,AD0RF,4190 El Camino Real,"Palo Alto, CA  94306",Palo Alto,California,94306,United States,(650) 815-4514,37.4107,-122.1238,,,0
Volvo Cars Princeton,AA7Q8,2931 Brunswick Pike,"Lawrenceville, NJ 08648",Lawrenceville,New Jersey, 08648,United States,(609) 882-0600,40.2741165,-74.70762,,,0
Volvo Cars Rutland,AA7P6,"Routes 7 and 103, PO Box 67","North Clarendon, VT  05759",North Clarendon,Vermont,05759 ,United States,(802) 773-3329,43.5411263,-72.95821,,,0
Volvo Cars San Diego,AA7UA,5350 Kearny Mesa Road,"San Diego, CA  92111",San Diego,California,92111,United States,(858) 279-9700,32.83198,-117.1433,,,0
Volvo Cars Silver Spring,AA7XG,3121 Automobile Blvd.,"Silver Spring, MD  20904",Silver Spring,Maryland,20904,United States,(301) 890-6200,39.08007,-76.94747,,,0
Volvo Cars Tacoma,ADIKA,1602 40th Ave. CT. E,"Fife, WA  98424",Fife,Washington,98424,United States,(800) 615-5420,47.24338,-122.3746,,,0
Volvo Cars Tiverton,AD87V,975 Fish Road,"Tiverton, RI  02878",Tiverton,Rhode Island,02878,United States,(401) 624-6181,41.6430664,-71.18732,,,0
Volvo Cars Tucson,AD5RB,831 W. Wetmore Road,"Tucson, AZ  85705",Tucson,Arizona,85705,United States,(520) 792-1070,32.221077,-110.9574,,,0
Volvo Cars Walnut Creek,AEH9Q,2791 N. Main Street,"Walnut Creek, CA  94597",Walnut Creek,California,94597-2731,United States,(925) 939-3333,37.9247322,-122.0633,,,0
Volvo Cars Westport,AA7QR,556 Post Road East,"Westport, CT  06880",Westport,Connecticut,06880,United States,(203) 222-1122,41.1391678,-73.34651,,,0
Volvo Cars White Plains,AEF57,262 East Main Street,"Elmsford, NY  10523",Elmsford,New York,10523,United States,(914) 347-3377,41.0498543,-73.81064,,,0
Volvo Cars Wilkes-Barre/Scranton,AD0JN,339 Highway 315,"Pittston, PA  18640",Pittston,Pennsylvania,18640,United States,(570) 655-4575,41.3056755,-75.76415,,,0
Volvo Cars Winston Salem,AA7XQ,701 Peters Creek Parkway,"Winston Salem, NC   27103",Winston Salem,North Carolina,27103,United States,(336) 723-4111,36.0819778,-80.25759,,,0
Volvo Cars Worcester,AEJ2X,70 Gold Star Boulevard,"Worcester, MA  01606",Worcester,Massachusetts,01606,United States,(508) 755-5456,42.28828,-71.80544,,,0
Volvo Escondido,ADYXS,1938 Auto Parkway,"Escondido, CA  92029",Escondido,California,92029,United States,(760) 546-1200,33.11676,-117.1102,,,0
Volvo of Bloomington,AA7ZC,3225 S. Walnut Street,"Bloomington, IN  47401",Bloomington,Indiana,47401-8928,United States,(812) 339-1161,39.1278763,-86.52659,,,0
Volvo of Bloomington Normal,AEBAM,1430 E. Ft Jesse Rd & Towanda,"Normal, IL  61761",Normal,Illinois,61761,United States,(309) 454-1101,40.51718,-88.90317,,,0
Volvo of Bonita Springs,AD0R0,"28470 Tamiami Trail, S.","Bonita Springs, FL  34134",Bonita Springs,Florida,34134,United States,(239) 948-7770,26.323,-81.80565,,,0
Volvo of Brentwood,AD0N7,7700 Manchester Rd,"St. Louis, MO  63143",St. Louis,Missouri,63143,United States,(314) 644-9501,38.61292,-90.32715,,,0
Volvo of Burlingame,AA7UK,900 Peninsula Avenue,"Burlingame, CA  94010",Burlingame,California,94010,United States,(650) 558-5679,37.577755,-122.33847,,,0
Volvo of Burlington,AEC5L,660 Huffman Mill Road,"Burlington, NC 27215",Burlington,North Carolina, 27215,United States,(336) 227-2727,36.0727348,-79.492,,,0
Volvo of Cary,ADX2V,1375 NW Maynard Rd.,"Cary, NC  27513",Cary,North Carolina,27513,United States,(919) 238-2140,35.7931557,-78.80513,,,0
Volvo of Charleston,AA7VQ,1518 Savannah Highway,"Charleston, SC  29407",Charleston,South Carolina,29407,United States,(843) 571-2727,32.7860832,-80.00821,,,0
Volvo of Charlotte,AA7Z1,7040 East Independence Blvd.,"Charlotte, NC  28227",Charlotte,North Carolina,28227,United States,(704) 563-1000,35.1650658,-80.74168,,,0
Volvo of Charlottesville,ADYFZ,3025 Ivy Road,"Charlottesville, VA  22903",Charlottesville,Virginia,22903,United States,(434) 295-4125,38.0509453,-78.55047,,,0
Volvo of Columbus,AEAYH,1661 Whittlesey Rd.,"Columbus, GA 31904",Columbus,Georgia,31904,United States,(706) 322-9927,32.53977,-84.9638,,,0
Volvo of Corvallis,AD02D,900 Northwest 4th Street,"Corvallis, OR  97330",Corvallis,Oregon,97330,United States,(541) 753-1694,44.57233,-123.2585,,,0
Volvo of Danbury,AA7QJ,106 Newtown Road,"Danbury, CT  06811",Danbury,Connecticut,06811,United States,(888) 400-9935,41.41008,-73.41318,,,0
Volvo of Danville,ADY7V,1231 Montour Boulevard,"Danville, PA  17821",Danville,Pennsylvania,17821,United States,(570) 275-2212,40.9626274,-76.568,,,0
Volvo of Dayton,AD2RR,7124 Poe Ave,"Dayton, OH 45414",Dayton,Ohio, 45414,United States,(937) 890-5323,39.8508873,-84.18928,,,0
Volvo of Edinburg,AD67P,4221 South Highway 281,"Edinburg, TX 78539",Edinburg,Texas,78539,United States,(956) 287-9999,26.2603416,-98.1738739,,,0
Volvo of El Paso,AD089,1400 Airway Boulevard,"El Paso, TX  79925",El Paso,Texas,79925,United States,(915) 401-3250,31.7872143,-106.395119,,,0
Volvo of Erie,AD1AR,2502 West 26 Street,"Erie, PA 16506",Erie,Pennsylvania, 16506,United States,(814) 878-2500,42.0913,-80.1297,,,0
Volvo of Frederick,ADZL7,6001 Urbana Pike,"Frederick, MD  21704",Frederick,Maryland,21704,United States,(301) 662-7600,39.3968048,-77.40735,,,0
Volvo of Greencastle,AD96A,650 North Antrim Way,"Greencastle, PA  17225",Greencastle,Pennsylvania,17225,United States,(717) 597-2131,39.796978,-77.72702,,,0
Volvo of Greenville,AD3XB,2668 Laurens Road,"Greenville, SC 29607",Greenville,South Carolina, 29607,United States,(864) 288-5555,34.8191,-82.34096,,,0
Volvo of Honolulu,AA7UB,704 Ala Moana Blvd,"Honolulu, HI  96813",Honolulu,Hawaii,96813-5595,United States,(808) 521-5151,21.2973251,-157.8614,,,0
Volvo of Keene,AA7QF,591 Monadnock Highway,"East Swanzey, NH  03446",East Swanzey,New Hampshire,03446,United States,(603) 352-2155,42.8742142,-72.2304,,,0
Volvo of Lisle,AA7X8,4375 Lincoln Avenue,"Lisle, IL  60532",Lisle,Illinois,60532,United States,(630) 852-6000,41.806778,-88.07645,,,0
Volvo of Lynchburg,AD076,2643 Lakeside Drive,"Lynchburg, VA  24501",Lynchburg,Virginia,24501,United States,(434) 385-6226,37.39665,-79.22679,,,0
Volvo of Mansfield,AD20C,1493 Park Avenue West,"Mansfield, OH  44906",Mansfield,Ohio,44906,United States,(419) 529-4000,40.76094,-82.56503,,,0
Volvo of Melbourne,AAAPX,4340 W. New Haven Blvd,"Melbourne, FL  32904",Melbourne,Florida,32904,United States,(321) 768-8020,28.07909,-80.69772,,,0
Volvo of Midlothian,AC9QD,9811 Midlothian Turnpike,"Richmond, VA  23235",Richmond,Virginia,23235,United States,(804) 594-3500,37.5039063,-77.5768,,,0
Volvo of Mobile,AEBO2,1445 E. I-65 Service Road South,"Mobile, AL  36606",Mobile,Alabama,36606,United States,(251) 471-3326,30.6596813,-88.12421,,,0
Volvo of Monterey,AD3PB,1711 Del Monte Blvd.,"Seaside, CA  93955",Seaside,California,93955,United States,(831) 899-8800,36.612114,-121.847,,,0
Volvo of North Miami,AECOH,19275  N.W. 2nd Avenue,"Miami, FL  33169",Miami,Florida,33169,United States,(888) 319-1635,25.9665451,-80.20616,,,0
Volvo of Ocala,AD0N6,4150 North Highway 441,"Ocala, FL  34479",Ocala,Florida,34479,United States,(352) 629-7299,29.2296925,-82.14971,,,0
Volvo of Orange County,AA7T9,1400 Dan Gurney Drive,"Santa Ana, CA  92705",Santa Ana,California,92705,United States,(714) 560-6950,33.7290421,-117.8393,,,0
Volvo of Owings Mills,AA7W1,9610 Reisterstown Rd.,"Owings Mills, MD 21117",Owings Mills,Maryland, 21117,United States,(410) 363-3333,39.4047356,-76.75923,,,0
Volvo of Perrysburg,AA7YY,26875 North Dixie Highway,"Perrysburg, OH 43551",Perrysburg,Ohio, 43551,United States,(419) 874-4331,41.5421867,-83.63459,,,0
Volvo of Richmond,AA7XB,7211 W. Broad St,"Richmond, VA 23294",Richmond,Virginia,  23294,United States,(804) 755-6666,37.61306,-77.521,,,0
Volvo of Roanoke,AEAPD,5000 Franklin Rd.,"Roanoke, VA 24014",Roanoke,Virginia, 24014,United States,(540) 344-6284,37.2429848,-79.96392,,,0
Volvo of San Antonio,AA7ZO,1326 N.E. Loop 410,"San Antonio, TX  78209",San Antonio,Texas,78209,United States,(210) 824-3214,29.5156021,-98.44737,,,0
Volvo of San Francisco,AA7UL,285 S. Van Ness Ave.,"San Francisco, CA  94103",San Francisco,California,94103,United States,(415) 241-8182,37.7686729,-122.4176,,,0
Volvo of Santa Monica,AD8IL,1631 Santa Monica Boulevard,"Santa Monica, CA 90404",Santa Monica,California,90404,United States,(310) 496-1157,34.02632,-118.482979,,,0
Volvo of Sarasota,AA7V4,7576 S. Tamiami Trail,"Sarasota, FL 34231",Sarasota,Florida, 34239,United States,(941) 924-1212,27.2440739,-82.51072,,,0
Volvo of Savannah,AA7VR,8301 White Bluff Road,"Savannah, GA  31406",Savannah,Georgia,31406,United States,(912) 927-4741,31.9997349,-81.12201,,,0
Volvo of Southborough,AEC43,251 Turnpike Rd.,"Southborough, MA  01772",Southborough,Massachusetts,01772,United States,(508) 571-2400,42.2909126,-71.5384,,,0
Volvo of State College,AD3C9,3280 W. College Ave,"State College, PA 16801",State College,Pennsylvania, 16801,United States,(814) 237-0368,40.75894,-77.87672,,,0
Volvo of Tampa,AB5Q4,6008 N. Dale Mabry Highway,"Tampa, FL  33614",Tampa,Florida,33614,United States,(813) 885-2717,28.0029,-82.50531,,,0
Volvo of Tempe,AD5RC,8060 S Autoplex Loop,"Tempe, AZ 85284",Tempe,Arizona,85284,United States,(480) 941-2400,33.34469,-111.964859,,,0
Volvo of Virginia Beach,AEEE5,4980 Virginia Beach Blvd,"Virginia Beach, VA  23462",Virginia Beach,Virginia,23462,United States,(757) 497-4864,36.8440247,-76.15021,,,0
Volvo of Wellesley,AD0RG,962 Worcester Street,"Wellesley, MA  02482",Wellesley,Massachusetts,02482,United States,(781) 235-8841,42.3044357,-71.32267,,,0
Volvo Orland Park,AD3JE,8031 W. 159th St.,"Tinley Park, IL  60477",Tinley Park,Illinois,  60477,United States,(708) 342-0400,41.6018181,-87.8146,,,0
Volvo Village of Danvers,AD7BC,24 Commonwealth Avenue,"Danvers, MA 01923",Danvers,Massachusetts,01923,United States,(978) 624-4500,42.5492935,-70.9437943,,,0
Wallace Volvo,ADIII,3801 SE Federal Hwy,"Stuart, FL  34997",Stuart,Florida,34997,United States,(772) 283-6000,27.1597252,-80.22144,,,0
Warren Volvo,AA7YS,3810 Youngstown-Warren Rd.,"Warren, OH  44484",Warren,Ohio,44484,United States,(330) 369-1678,41.2171059,-80.77451,,,0
"Weaver Brothers, Inc.",AA7XJ,4409 Capital Boulevard,"Raleigh, NC  27604",Raleigh,North Carolina,27604,United States,(919) 876-6611,35.84274,-78.58009,,,0
West County Volvo,AA7TN,14410 Manchester Road,"Manchester, MO  63011",Manchester,Missouri,63011,United States,(636) 227-8303,38.5929947,-90.51686,,,0
Weston Volvo,AA7V8,3650 Weston Road,"Davie, FL  33331",Davie,Florida,33331,United States,(954) 888-6850,26.074192,-80.36232,,,0
Willis Volvo of Des Moines,ADWY0,9800 Hickman Road,"Des Moines, IA  50325",Des Moines,Iowa,50325,United States,(800) 568-0497,41.6146355,-93.75379,,,0
Wynn Volvo Cars Norristown,AA7WE,2049 West Main Street,"Norristown, PA  19403",Norristown,Pennsylvania,19403,United States,(610) 539-1100,40.1344147,-75.38012,,,0
Wynne Volvo of Hampton,AD3AX,1010 West Mercury Boulevard,"Hampton, VA   23666",Hampton,Virginia,23666,United States,(757) 265-3400,37.04414,-76.37821,,,0
